{"368": {"sku": "AQ10T10PI7632G1SGTX1050Ti_24", "cpu": "Intel Core i7", "gpu": "GTX1050Ti", "ram": "32GB", "storage": "1TB SSD", "price": 60000.0, "description": "Intel Core i7, GTX1050Ti, 32GB, 1TB SSD \u2014 Moderate low profile gaming PC."}, "369": {"sku": "AQ10T10PI7632G1SGTX1050Ti_27", "cpu": "Intel Core i7", "gpu": "GTX1050Ti", "ram": "32GB", "storage": "1TB SSD", "price": 60000.0, "description": "Intel Core i7, GTX1050Ti, 32GB, 1TB SSD \u2014 Moderate low profile gaming PC."}, "370": {"sku": "AQ10T10PI7632G1SGTX1630", "cpu": "Intel Core i7", "gpu": "GTX1630", "ram": "32GB", "storage": "1TB SSD", "price": 65000.0, "description": "Intel Core i7, GTX1630, 32GB, 1TB SSD \u2014 Moderate low profile gaming PC."}, "371": {"sku": "AQ10T10PI7632G1SGTX1630_24", "cpu": "Intel Core i7", "gpu": "GTX1630", "ram": "32GB", "storage": "1TB SSD", "price": 65000.0, "description": "Intel Core i7, GTX1630, 32GB, 1TB SSD \u2014 Moderate low profile gaming PC."}, "372": {"sku": "AQ10T10PI7632G1SGTX1630_27", "cpu": "Intel Core i7", "gpu": "GTX1630", "ram": "32GB", "storage": "1TB SSD", "price": 65000.0, "description": "Intel Core i7, GTX1630, 32GB, 1TB SSD \u2014 Moderate low profile gaming PC."}, "373": {"sku": "AQ10T10PI7632G1SGTX1650", "cpu": "Intel Core i7", "gpu": "GTX1650", "ram": "32GB", "storage": "1TB SSD", "price": 70000.0, "description": "Intel Core i7, GTX1650, 32GB, 1TB SSD \u2014 Moderate low profile gaming PC."}, "374": {"sku": "AQ10T10PI7632G1SGTX1650_24", "cpu": "Intel Core i7", "gpu": "GTX1650", "ram": "32GB", "storage": "1TB SSD", "price": 70000.0, "description": "Intel Core i7, GTX1650, 32GB, 1TB SSD \u2014 Moderate low profile gaming PC."}, "375": {"sku": "AQ10T10PI7632G1SGTX1650_27", "cpu": "Intel Core i7", "gpu": "GTX1650", "ram": "32GB", "storage": "1TB SSD", "price": 70000.0, "description": "Intel Core i7, GTX1650, 32GB, 1TB SSD \u2014 Moderate low profile gaming PC."}, "376": {"sku": "AQ10T10PI7632G1SGTX1660", "cpu": "Intel Core i7", "gpu": "Unknown GPU", "ram": "32GB", "storage": "1TB SSD", "price": 70000.0, "description": "Intel Core i7, Unknown GPU, 32GB, 1TB SSD \u2014 Standard gaming PC."}, "377": {"sku": "AQ10T10PI7632G1SGTX1660_24", "cpu": "Intel Core i7", "gpu": "Unknown GPU", "ram": "32GB", "storage": "1TB SSD", "price": 70000.0, "description": "Intel Core i7, Unknown GPU, 32GB, 1TB SSD \u2014 Standard gaming PC."}, "378": {"sku": "AQ10T10PI7632G1SGTX1660_27", "cpu": "Intel Core i7", "gpu": "Unknown GPU", "ram": "32GB", "storage": "1TB SSD", "price": 70000.0, "description": "Intel Core i7, Unknown GPU, 32GB, 1TB SSD \u2014 Standard gaming PC."}, "379": {"sku": "AQ10T10PI7632G1SRX580", "cpu": "Intel Core i7", "gpu": "RX580", "ram": "32GB", "storage": "1TB SSD", "price": 75000.0, "description": "Intel Core i7, RX580, 32GB, 1TB SSD \u2014 Low Spec PC."}, "380": {"sku": "AQ10T10PI7632G1SRX580_24", "cpu": "Intel Core i7", "gpu": "RX580", "ram": "32GB", "storage": "1TB SSD", "price": 75000.0, "description": "Intel Core i7, RX580, 32GB, 1TB SSD \u2014 Low Spec PC."}, "381": {"sku": "AQ10T10PI7632G1SRX580_27", "cpu": "Intel Core i7", "gpu": "RX580", "ram": "32GB", "storage": "1TB SSD", "price": 75000.0, "description": "Intel Core i7, RX580, 32GB, 1TB SSD \u2014 Low Spec PC."}, "382": {"sku": "AQ10T10PI7632G2SGTX1050Ti", "cpu": "Intel Core i7", "gpu": "GTX1050Ti", "ram": "32GB", "storage": "2TB SSD", "price": 60000.0, "description": "Intel Core i7, GTX1050Ti, 32GB, 2TB SSD \u2014 Moderate low profile gaming PC."}, "383": {"sku": "AQ10T10PI7632G2SGTX1050Ti_24", "cpu": "Intel Core i7", "gpu": "GTX1050Ti", "ram": "32GB", "storage": "2TB SSD", "price": 60000.0, "description": "Intel Core i7, GTX1050Ti, 32GB, 2TB SSD \u2014 Moderate low profile gaming PC."}, "384": {"sku": "AQ10T10PI7632G2SGTX1050Ti_27", "cpu": "Intel Core i7", "gpu": "GTX1050Ti", "ram": "32GB", "storage": "2TB SSD", "price": 60000.0, "description": "Intel Core i7, GTX1050Ti, 32GB, 2TB SSD \u2014 Moderate low profile gaming PC."}, "385": {"sku": "AQ10T10PI7632G2SGTX1630", "cpu": "Intel Core i7", "gpu": "GTX1630", "ram": "32GB", "storage": "2TB SSD", "price": 65000.0, "description": "Intel Core i7, GTX1630, 32GB, 2TB SSD \u2014 Moderate low profile gaming PC."}, "386": {"sku": "AQ10T10PI7632G2SGTX1630_24", "cpu": "Intel Core i7", "gpu": "GTX1630", "ram": "32GB", "storage": "2TB SSD", "price": 65000.0, "description": "Intel Core i7, GTX1630, 32GB, 2TB SSD \u2014 Moderate low profile gaming PC."}, "387": {"sku": "AQ10T10PI7632G2SGTX1630_27", "cpu": "Intel Core i7", "gpu": "GTX1630", "ram": "32GB", "storage": "2TB SSD", "price": 65000.0, "description": "Intel Core i7, GTX1630, 32GB, 2TB SSD \u2014 Moderate low profile gaming PC."}, "388": {"sku": "AQ10T10PI7632G2SGTX1650", "cpu": "Intel Core i7", "gpu": "GTX1650", "ram": "32GB", "storage": "2TB SSD", "price": 70000.0, "description": "Intel Core i7, GTX1650, 32GB, 2TB SSD \u2014 Moderate low profile gaming PC."}, "389": {"sku": "AQ10T10PI7632G2SGTX1650_24", "cpu": "Intel Core i7", "gpu": "GTX1650", "ram": "32GB", "storage": "2TB SSD", "price": 70000.0, "description": "Intel Core i7, GTX1650, 32GB, 2TB SSD \u2014 Moderate low profile gaming PC."}, "390": {"sku": "AQ10T10PI7632G2SGTX1650_27", "cpu": "Intel Core i7", "gpu": "GTX1650", "ram": "32GB", "storage": "2TB SSD", "price": 70000.0, "description": "Intel Core i7, GTX1650, 32GB, 2TB SSD \u2014 Moderate low profile gaming PC."}, "391": {"sku": "AQ10T10PI7632G2SGTX1660", "cpu": "Intel Core i7", "gpu": "Unknown GPU", "ram": "32GB", "storage": "2TB SSD", "price": 70000.0, "description": "Intel Core i7, Unknown GPU, 32GB, 2TB SSD \u2014 Standard gaming PC."}, "392": {"sku": "AQ10T10PI7632G2SGTX1660_24", "cpu": "Intel Core i7", "gpu": "Unknown GPU", "ram": "32GB", "storage": "2TB SSD", "price": 70000.0, "description": "Intel Core i7, Unknown GPU, 32GB, 2TB SSD \u2014 Standard gaming PC."}, "393": {"sku": "AQ10T10PI7632G2SGTX1660_27", "cpu": "Intel Core i7", "gpu": "Unknown GPU", "ram": "32GB", "storage": "2TB SSD", "price": 70000.0, "description": "Intel Core i7, Unknown GPU, 32GB, 2TB SSD \u2014 Standard gaming PC."}, "394": {"sku": "AQ10T10PI7632G2SRX580", "cpu": "Intel Core i7", "gpu": "RX580", "ram": "32GB", "storage": "2TB SSD", "price": 75000.0, "description": "Intel Core i7, RX580, 32GB, 2TB SSD \u2014 Low Spec PC."}, "395": {"sku": "AQ10T10PI7632G2SRX580_24", "cpu": "Intel Core i7", "gpu": "RX580", "ram": "32GB", "storage": "2TB SSD", "price": 75000.0, "description": "Intel Core i7, RX580, 32GB, 2TB SSD \u2014 Low Spec PC."}, "396": {"sku": "AQ10T10PI7632G2SRX580_27", "cpu": "Intel Core i7", "gpu": "RX580", "ram": "32GB", "storage": "2TB SSD", "price": 75000.0, "description": "Intel Core i7, RX580, 32GB, 2TB SSD \u2014 Low Spec PC."}, "397": {"sku": "AQ2011PI7870032G1SRTX3070", "cpu": "Intel Core i7", "gpu": "RTX3070", "ram": "32GB", "storage": "1TB SSD", "price": 140000.0, "description": "Intel Core i7, RTX3070, 32GB, 1TB SSD \u2014 High-end gaming PC."}, "398": {"sku": "AQ2011PI7870032G1SRTX3070_27M", "cpu": "Intel Core i7", "gpu": "RTX3070", "ram": "32GB", "storage": "1TB SSD", "price": 140000.0, "description": "Intel Core i7, RTX3070, 32GB, 1TB SSD \u2014 High-end gaming PC."}, "399": {"sku": "AQ2011PI7870032G1SRTX3080", "cpu": "Intel Core i7", "gpu": "RTX3080", "ram": "32GB", "storage": "1TB SSD", "price": 160000.0, "description": "Intel Core i7, RTX3080, 32GB, 1TB SSD \u2014 Super gaming PC for high profile games."}, "400": {"sku": "AQ2011PI7870032G1SRTX3080_27M", "cpu": "Intel Core i7", "gpu": "RTX3080", "ram": "32GB", "storage": "1TB SSD", "price": 160000.0, "description": "Intel Core i7, RTX3080, 32GB, 1TB SSD \u2014 Super gaming PC for high profile games."}, "401": {"sku": "AQ2011PI7870032G2SRTX3070", "cpu": "Intel Core i7", "gpu": "RTX3070", "ram": "32GB", "storage": "2TB SSD", "price": 140000.0, "description": "Intel Core i7, RTX3070, 32GB, 2TB SSD \u2014 High-end gaming PC."}, "402": {"sku": "AQ2011PI7870032G2SRTX3070_27M", "cpu": "Intel Core i7", "gpu": "RTX3070", "ram": "32GB", "storage": "2TB SSD", "price": 140000.0, "description": "Intel Core i7, RTX3070, 32GB, 2TB SSD \u2014 High-end gaming PC."}, "403": {"sku": "AQ2011PI7870032G2SRTX3080", "cpu": "Intel Core i7", "gpu": "RTX3080", "ram": "32GB", "storage": "2TB SSD", "price": 160000.0, "description": "Intel Core i7, RTX3080, 32GB, 2TB SSD \u2014 Super gaming PC for high profile games."}, "404": {"sku": "AQ2011PI7870032G2SRTX3080_27M", "cpu": "Intel Core i7", "gpu": "RTX3080", "ram": "32GB", "storage": "2TB SSD", "price": 160000.0, "description": "Intel Core i7, RTX3080, 32GB, 2TB SSD \u2014 Super gaming PC for high profile games."}, "405": {"sku": "AQ20I3810032G1SRTX3060", "cpu": "Intel Core i3", "gpu": "RTX3060", "ram": "32GB", "storage": "1TB SSD", "price": 120000.0, "description": "Intel Core i3, RTX3060, 32GB, 1TB SSD \u2014 High-end gaming PC."}, "406": {"sku": "AQ20I3810032G1SRTX4060", "cpu": "Intel Core i3", "gpu": "RTX4060", "ram": "32GB", "storage": "1TB SSD", "price": 180000.0, "description": "Intel Core i3, RTX4060, 32GB, 1TB SSD \u2014 Super gaming PC for high profile games."}, "407": {"sku": "AQ20I7632G1SGTX1650", "cpu": "Intel Core i7", "gpu": "GTX1650", "ram": "32GB", "storage": "1TB SSD", "price": 70000.0, "description": "Intel Core i7, GTX1650, 32GB, 1TB SSD \u2014 Moderate low profile gaming PC."}, "408": {"sku": "AQ20I7632G1SGTX1660S", "cpu": "Intel Core i7", "gpu": "GTX1660S", "ram": "32GB", "storage": "1TB SSD", "price": 80000.0, "description": "Intel Core i7, GTX1660S, 32GB, 1TB SSD \u2014 Moderate low profile gaming PC."}, "409": {"sku": "AQ20I7632G1SRTX3050", "cpu": "Intel Core i7", "gpu": "RTX3050", "ram": "32GB", "storage": "1TB SSD", "price": 85000.0, "description": "Intel Core i7, RTX3050, 32GB, 1TB SSD \u2014 High-end gaming PC."}, "410": {"sku": "AQ20I7632G1SRTX3050_24", "cpu": "Intel Core i7", "gpu": "RTX3050", "ram": "32GB", "storage": "1TB SSD", "price": 85000.0, "description": "Intel Core i7, RTX3050, 32GB, 1TB SSD \u2014 High-end gaming PC."}, "411": {"sku": "AQ20I7632G1SRTX3060", "cpu": "Intel Core i7", "gpu": "RTX3060", "ram": "32GB", "storage": "1TB SSD", "price": 120000.0, "description": "Intel Core i7, RTX3060, 32GB, 1TB SSD \u2014 High-end gaming PC."}, "412": {"sku": "AQ20I7632G1SRX580", "cpu": "Intel Core i7", "gpu": "RX580", "ram": "32GB", "storage": "1TB SSD", "price": 75000.0, "description": "Intel Core i7, RX580, 32GB, 1TB SSD \u2014 Low Spec PC."}, "413": {"sku": "AQ20I7632G1SRX580 -E", "cpu": "Intel Core i7", "gpu": "RX580", "ram": "32GB", "storage": "1TB SSD", "price": 75000.0, "description": "Intel Core i7, RX580, 32GB, 1TB SSD \u2014 Low Spec PC."}, "414": {"sku": "AQ20I7632G2SGTX1650", "cpu": "Intel Core i7", "gpu": "GTX1650", "ram": "32GB", "storage": "2TB SSD", "price": 70000.0, "description": "Intel Core i7, GTX1650, 32GB, 2TB SSD \u2014 Moderate low profile gaming PC."}, "415": {"sku": "AQ20I7632G2SGTX1660S", "cpu": "Intel Core i7", "gpu": "GTX1660S", "ram": "32GB", "storage": "2TB SSD", "price": 80000.0, "description": "Intel Core i7, GTX1660S, 32GB, 2TB SSD \u2014 Moderate low profile gaming PC."}, "416": {"sku": "AQ20I7632G2SRTX3050", "cpu": "Intel Core i7", "gpu": "RTX3050", "ram": "32GB", "storage": "2TB SSD", "price": 85000.0, "description": "Intel Core i7, RTX3050, 32GB, 2TB SSD \u2014 High-end gaming PC."}, "417": {"sku": "AQ20I7632G2SRTX3060", "cpu": "Intel Core i7", "gpu": "RTX3060", "ram": "32GB", "storage": "2TB SSD", "price": 120000.0, "description": "Intel Core i7, RTX3060, 32GB, 2TB SSD \u2014 High-end gaming PC."}, "418": {"sku": "AQ20I7632G2SRTX3060_24", "cpu": "Intel Core i7", "gpu": "RTX3060", "ram": "32GB", "storage": "2TB SSD", "price": 120000.0, "description": "Intel Core i7, RTX3060, 32GB, 2TB SSD \u2014 High-end gaming PC."}, "419": {"sku": "AQ20I7632G2SRX580", "cpu": "Intel Core i7", "gpu": "RX580", "ram": "32GB", "storage": "2TB SSD", "price": 75000.0, "description": "Intel Core i7, RX580, 32GB, 2TB SSD \u2014 Low Spec PC."}, "420": {"sku": "AQ20I7632G2SRX580 -E", "cpu": "Intel Core i7", "gpu": "RX580", "ram": "32GB", "storage": "2TB SSD", "price": 75000.0, "description": "Intel Core i7, RX580, 32GB, 2TB SSD \u2014 Low Spec PC."}, "421": {"sku": "AQ20I7832G1SGTX1650", "cpu": "Intel Core i7", "gpu": "GTX1650", "ram": "32GB", "storage": "1TB SSD", "price": 70000.0, "description": "Intel Core i7, GTX1650, 32GB, 1TB SSD \u2014 Moderate low profile gaming PC."}, "422": {"sku": "AQ20I7832G1SGTX1660S", "cpu": "Intel Core i7", "gpu": "GTX1660S", "ram": "32GB", "storage": "1TB SSD", "price": 80000.0, "description": "Intel Core i7, GTX1660S, 32GB, 1TB SSD \u2014 Moderate low profile gaming PC."}, "423": {"sku": "AQ20I7832G1SRTX3050", "cpu": "Intel Core i7", "gpu": "RTX3050", "ram": "32GB", "storage": "1TB SSD", "price": 85000.0, "description": "Intel Core i7, RTX3050, 32GB, 1TB SSD \u2014 High-end gaming PC."}, "424": {"sku": "AQ20I7832G1SRTX3060", "cpu": "Intel Core i7", "gpu": "RTX3060", "ram": "32GB", "storage": "1TB SSD", "price": 120000.0, "description": "Intel Core i7, RTX3060, 32GB, 1TB SSD \u2014 High-end gaming PC."}, "425": {"sku": "AQ20I7832G1SRTX4060", "cpu": "Intel Core i7", "gpu": "RTX4060", "ram": "32GB", "storage": "1TB SSD", "price": 180000.0, "description": "Intel Core i7, RTX4060, 32GB, 1TB SSD \u2014 Super gaming PC for high profile games."}, "426": {"sku": "AQ20I7832G1SRX580", "cpu": "Intel Core i7", "gpu": "RX580", "ram": "32GB", "storage": "1TB SSD", "price": 75000.0, "description": "Intel Core i7, RX580, 32GB, 1TB SSD \u2014 Low Spec PC."}, "427": {"sku": "AQ20I7832G2SGTX1650", "cpu": "Intel Core i7", "gpu": "GTX1650", "ram": "32GB", "storage": "2TB SSD", "price": 70000.0, "description": "Intel Core i7, GTX1650, 32GB, 2TB SSD \u2014 Moderate low profile gaming PC."}, "428": {"sku": "AQ20I7832G2SGTX1660S", "cpu": "Intel Core i7", "gpu": "GTX1660S", "ram": "32GB", "storage": "2TB SSD", "price": 80000.0, "description": "Intel Core i7, GTX1660S, 32GB, 2TB SSD \u2014 Moderate low profile gaming PC."}, "429": {"sku": "AQ20I7832G2SRTX3050", "cpu": "Intel Core i7", "gpu": "RTX3050", "ram": "32GB", "storage": "2TB SSD", "price": 85000.0, "description": "Intel Core i7, RTX3050, 32GB, 2TB SSD \u2014 High-end gaming PC."}, "430": {"sku": "AQ20I7832G2SRTX3060", "cpu": "Intel Core i7", "gpu": "RTX3060", "ram": "32GB", "storage": "2TB SSD", "price": 120000.0, "description": "Intel Core i7, RTX3060, 32GB, 2TB SSD \u2014 High-end gaming PC."}, "431": {"sku": "AQ20I7832G2SRTX4060", "cpu": "Intel Core i7", "gpu": "RTX4060", "ram": "32GB", "storage": "2TB SSD", "price": 180000.0, "description": "Intel Core i7, RTX4060, 32GB, 2TB SSD \u2014 Super gaming PC for high profile games."}, "432": {"sku": "AQ20I7832G2SRX580", "cpu": "Intel Core i7", "gpu": "RX580", "ram": "32GB", "storage": "2TB SSD", "price": 75000.0, "description": "Intel Core i7, RX580, 32GB, 2TB SSD \u2014 Low Spec PC."}, "433": {"sku": "AQ20I7832G2SRX580 -E", "cpu": "Intel Core i7", "gpu": "RX580", "ram": "32GB", "storage": "2TB SSD", "price": 75000.0, "description": "Intel Core i7, RX580, 32GB, 2TB SSD \u2014 Low Spec PC."}, "434": {"sku": "AQ20I7832G2SRX58024GM -E", "cpu": "Intel Core i7", "gpu": "RX580", "ram": "32GB", "storage": "2TB SSD", "price": 75000.0, "description": "Intel Core i7, RX580, 32GB, 2TB SSD \u2014 Low Spec PC."}, "435": {"sku": "AQ20I7870032G1NVMeRTX50608G", "cpu": "Intel Core i7", "gpu": "RTX5060", "ram": "32GB", "storage": "512GB SSD", "price": 200000.0, "description": "Intel Core i7, RTX5060, 32GB, 512GB SSD \u2014 Super gaming PC for high profile games."}, "436": {"sku": "AQ3010PI7632G1S1660S_27GM", "cpu": "Intel Core i7", "gpu": "Unknown GPU", "ram": "32GB", "storage": "1TB SSD", "price": 70000.0, "description": "Intel Core i7, Unknown GPU, 32GB, 1TB SSD \u2014 Standard gaming PC."}, "437": {"sku": "AQ3010PI7632G1SGTX1050TI", "cpu": "Intel Core i7", "gpu": "Unknown GPU", "ram": "32GB", "storage": "1TB SSD", "price": 70000.0, "description": "Intel Core i7, Unknown GPU, 32GB, 1TB SSD \u2014 Standard gaming PC."}, "438": {"sku": "AQ3010PI7632G1SGTX1650", "cpu": "Intel Core i7", "gpu": "GTX1650", "ram": "32GB", "storage": "1TB SSD", "price": 70000.0, "description": "Intel Core i7, GTX1650, 32GB, 1TB SSD \u2014 Moderate low profile gaming PC."}, "439": {"sku": "AQ3010PI7632G1SGTX1660S", "cpu": "Intel Core i7", "gpu": "GTX1660S", "ram": "32GB", "storage": "1TB SSD", "price": 80000.0, "description": "Intel Core i7, GTX1660S, 32GB, 1TB SSD \u2014 Moderate low profile gaming PC."}, "440": {"sku": "AQ3010PI7632G1SRTX3050", "cpu": "Intel Core i7", "gpu": "RTX3050", "ram": "32GB", "storage": "1TB SSD", "price": 85000.0, "description": "Intel Core i7, RTX3050, 32GB, 1TB SSD \u2014 High-end gaming PC."}, "441": {"sku": "AQ3010PI7632G1SRTX30506GB_27GM", "cpu": "Intel Core i7", "gpu": "RTX3050", "ram": "32GB", "storage": "1TB SSD", "price": 85000.0, "description": "Intel Core i7, RTX3050, 32GB, 1TB SSD \u2014 High-end gaming PC."}, "442": {"sku": "AQ3010PI7632G1SRTX30508GB_27GM", "cpu": "Intel Core i7", "gpu": "RTX3050", "ram": "32GB", "storage": "1TB SSD", "price": 85000.0, "description": "Intel Core i7, RTX3050, 32GB, 1TB SSD \u2014 High-end gaming PC."}, "443": {"sku": "AQ3010PI7632G1SRTX3060", "cpu": "Intel Core i7", "gpu": "RTX3060", "ram": "32GB", "storage": "1TB SSD", "price": 120000.0, "description": "Intel Core i7, RTX3060, 32GB, 1TB SSD \u2014 High-end gaming PC."}, "444": {"sku": "AQ3010PI7632G1SRTX306012GB_27GM", "cpu": "Intel Core i7", "gpu": "RTX3060", "ram": "32GB", "storage": "1TB SSD", "price": 120000.0, "description": "Intel Core i7, RTX3060, 32GB, 1TB SSD \u2014 High-end gaming PC."}, "445": {"sku": "AQ3010PI7632G1SRTX4060", "cpu": "Intel Core i7", "gpu": "RTX4060", "ram": "32GB", "storage": "1TB SSD", "price": 180000.0, "description": "Intel Core i7, RTX4060, 32GB, 1TB SSD \u2014 Super gaming PC for high profile games."}, "446": {"sku": "AQ3010PI7632G1SRTX40608GB_27GM", "cpu": "Intel Core i7", "gpu": "RTX4060", "ram": "32GB", "storage": "1TB SSD", "price": 180000.0, "description": "Intel Core i7, RTX4060, 32GB, 1TB SSD \u2014 Super gaming PC for high profile games."}, "447": {"sku": "AQ3010PI7632G1SRX550", "cpu": "Intel Core i7", "gpu": "RX550", "ram": "32GB", "storage": "1TB SSD", "price": 55000.0, "description": "Intel Core i7, RX550, 32GB, 1TB SSD \u2014 Low Spec PC."}, "448": {"sku": "AQ3010PI7632G1SRX580", "cpu": "Intel Core i7", "gpu": "RX580", "ram": "32GB", "storage": "1TB SSD", "price": 75000.0, "description": "Intel Core i7, RX580, 32GB, 1TB SSD \u2014 Low Spec PC."}, "449": {"sku": "AQ3010PI7632G1SRX580_27GM", "cpu": "Intel Core i7", "gpu": "RX580", "ram": "32GB", "storage": "1TB SSD", "price": 75000.0, "description": "Intel Core i7, RX580, 32GB, 1TB SSD \u2014 Low Spec PC."}, "450": {"sku": "AQ3010PI7632G2S1660S_27GM", "cpu": "Intel Core i7", "gpu": "Unknown GPU", "ram": "32GB", "storage": "2TB SSD", "price": 70000.0, "description": "Intel Core i7, Unknown GPU, 32GB, 2TB SSD \u2014 Standard gaming PC."}, "451": {"sku": "AQ3010PI7632G2SGTX1050TI", "cpu": "Intel Core i7", "gpu": "Unknown GPU", "ram": "32GB", "storage": "2TB SSD", "price": 70000.0, "description": "Intel Core i7, Unknown GPU, 32GB, 2TB SSD \u2014 Standard gaming PC."}, "452": {"sku": "AQ3010PI7632G2SGTX1650", "cpu": "Intel Core i7", "gpu": "GTX1650", "ram": "32GB", "storage": "2TB SSD", "price": 70000.0, "description": "Intel Core i7, GTX1650, 32GB, 2TB SSD \u2014 Moderate low profile gaming PC."}, "453": {"sku": "AQ3010PI7632G2SGTX1660S", "cpu": "Intel Core i7", "gpu": "GTX1660S", "ram": "32GB", "storage": "2TB SSD", "price": 80000.0, "description": "Intel Core i7, GTX1660S, 32GB, 2TB SSD \u2014 Moderate low profile gaming PC."}, "454": {"sku": "AQ3010PI7632G2SRTX3050", "cpu": "Intel Core i7", "gpu": "RTX3050", "ram": "32GB", "storage": "2TB SSD", "price": 85000.0, "description": "Intel Core i7, RTX3050, 32GB, 2TB SSD \u2014 High-end gaming PC."}, "455": {"sku": "AQ3010PI7632G2SRTX30506GB_27GM", "cpu": "Intel Core i7", "gpu": "RTX3050", "ram": "32GB", "storage": "2TB SSD", "price": 85000.0, "description": "Intel Core i7, RTX3050, 32GB, 2TB SSD \u2014 High-end gaming PC."}, "456": {"sku": "AQ3010PI7632G2SRTX30508GB_27GM", "cpu": "Intel Core i7", "gpu": "RTX3050", "ram": "32GB", "storage": "2TB SSD", "price": 85000.0, "description": "Intel Core i7, RTX3050, 32GB, 2TB SSD \u2014 High-end gaming PC."}, "457": {"sku": "AQ3010PI7632G2SRTX3060", "cpu": "Intel Core i7", "gpu": "RTX3060", "ram": "32GB", "storage": "2TB SSD", "price": 120000.0, "description": "Intel Core i7, RTX3060, 32GB, 2TB SSD \u2014 High-end gaming PC."}, "458": {"sku": "AQ3010PI7632G2SRTX306012GB_27GM", "cpu": "Intel Core i7", "gpu": "RTX3060", "ram": "32GB", "storage": "2TB SSD", "price": 120000.0, "description": "Intel Core i7, RTX3060, 32GB, 2TB SSD \u2014 High-end gaming PC."}, "459": {"sku": "AQ3010PI7632G2SRTX4060", "cpu": "Intel Core i7", "gpu": "RTX4060", "ram": "32GB", "storage": "2TB SSD", "price": 180000.0, "description": "Intel Core i7, RTX4060, 32GB, 2TB SSD \u2014 Super gaming PC for high profile games."}, "460": {"sku": "AQ3010PI7632G2SRTX40608GB_27GM", "cpu": "Intel Core i7", "gpu": "RTX4060", "ram": "32GB", "storage": "2TB SSD", "price": 180000.0, "description": "Intel Core i7, RTX4060, 32GB, 2TB SSD \u2014 Super gaming PC for high profile games."}, "461": {"sku": "AQ3010PI7632G2SRX550", "cpu": "Intel Core i7", "gpu": "RX550", "ram": "32GB", "storage": "2TB SSD", "price": 55000.0, "description": "Intel Core i7, RX550, 32GB, 2TB SSD \u2014 Low Spec PC."}, "462": {"sku": "AQ3010PI7632G2SRX580", "cpu": "Intel Core i7", "gpu": "RX580", "ram": "32GB", "storage": "2TB SSD", "price": 75000.0, "description": "Intel Core i7, RX580, 32GB, 2TB SSD \u2014 Low Spec PC."}, "463": {"sku": "AQ3010PI7632G2SRX580_27GM", "cpu": "Intel Core i7", "gpu": "RX580", "ram": "32GB", "storage": "2TB SSD", "price": 75000.0, "description": "Intel Core i7, RX580, 32GB, 2TB SSD \u2014 Low Spec PC."}, "464": {"sku": "AQ50I7632G1SGTX1660S", "cpu": "Intel Core i7", "gpu": "GTX1660S", "ram": "32GB", "storage": "1TB SSD", "price": 80000.0, "description": "Intel Core i7, GTX1660S, 32GB, 1TB SSD \u2014 Moderate low profile gaming PC."}, "465": {"sku": "AQ50I7632G1SGTX1660S_27GM", "cpu": "Intel Core i7", "gpu": "GTX1660S", "ram": "32GB", "storage": "1TB SSD", "price": 80000.0, "description": "Intel Core i7, GTX1660S, 32GB, 1TB SSD \u2014 Moderate low profile gaming PC."}, "466": {"sku": "AQ50I7632G1SRTX3050", "cpu": "Intel Core i7", "gpu": "RTX3050", "ram": "32GB", "storage": "1TB SSD", "price": 85000.0, "description": "Intel Core i7, RTX3050, 32GB, 1TB SSD \u2014 High-end gaming PC."}, "467": {"sku": "AQ50I7632G1SRTX30506GB", "cpu": "Intel Core i7", "gpu": "RTX3050", "ram": "32GB", "storage": "1TB SSD", "price": 85000.0, "description": "Intel Core i7, RTX3050, 32GB, 1TB SSD \u2014 High-end gaming PC."}, "468": {"sku": "AQ50I7632G1SRTX30506GB_27GM", "cpu": "Intel Core i7", "gpu": "RTX3050", "ram": "32GB", "storage": "1TB SSD", "price": 85000.0, "description": "Intel Core i7, RTX3050, 32GB, 1TB SSD \u2014 High-end gaming PC."}, "469": {"sku": "AQ50I7632G1SRTX30508GB_27GM", "cpu": "Intel Core i7", "gpu": "RTX3050", "ram": "32GB", "storage": "1TB SSD", "price": 85000.0, "description": "Intel Core i7, RTX3050, 32GB, 1TB SSD \u2014 High-end gaming PC."}, "470": {"sku": "AQ50I7632G1SRTX3060", "cpu": "Intel Core i7", "gpu": "RTX3060", "ram": "32GB", "storage": "1TB SSD", "price": 120000.0, "description": "Intel Core i7, RTX3060, 32GB, 1TB SSD \u2014 High-end gaming PC."}, "471": {"sku": "AQ50I7632G1SRTX306012GB_27GM", "cpu": "Intel Core i7", "gpu": "RTX3060", "ram": "32GB", "storage": "1TB SSD", "price": 120000.0, "description": "Intel Core i7, RTX3060, 32GB, 1TB SSD \u2014 High-end gaming PC."}, "472": {"sku": "AQ50I7632G1SRX580", "cpu": "Intel Core i7", "gpu": "RX580", "ram": "32GB", "storage": "1TB SSD", "price": 75000.0, "description": "Intel Core i7, RX580, 32GB, 1TB SSD \u2014 Low Spec PC."}, "473": {"sku": "AQ50I7632G1SRX580_27GM", "cpu": "Intel Core i7", "gpu": "RX580", "ram": "32GB", "storage": "1TB SSD", "price": 75000.0, "description": "Intel Core i7, RX580, 32GB, 1TB SSD \u2014 Low Spec PC."}, "474": {"sku": "AQ50I7632G2SGTX1660S", "cpu": "Intel Core i7", "gpu": "GTX1660S", "ram": "32GB", "storage": "2TB SSD", "price": 80000.0, "description": "Intel Core i7, GTX1660S, 32GB, 2TB SSD \u2014 Moderate low profile gaming PC."}, "475": {"sku": "AQ50I7632G2SGTX1660S_27GM", "cpu": "Intel Core i7", "gpu": "GTX1660S", "ram": "32GB", "storage": "2TB SSD", "price": 80000.0, "description": "Intel Core i7, GTX1660S, 32GB, 2TB SSD \u2014 Moderate low profile gaming PC."}, "476": {"sku": "AQ50I7632G2SRTX3050", "cpu": "Intel Core i7", "gpu": "RTX3050", "ram": "32GB", "storage": "2TB SSD", "price": 85000.0, "description": "Intel Core i7, RTX3050, 32GB, 2TB SSD \u2014 High-end gaming PC."}, "477": {"sku": "AQ50I7632G2SRTX30506GB", "cpu": "Intel Core i7", "gpu": "RTX3050", "ram": "32GB", "storage": "2TB SSD", "price": 85000.0, "description": "Intel Core i7, RTX3050, 32GB, 2TB SSD \u2014 High-end gaming PC."}, "478": {"sku": "AQ50I7632G2SRTX30506GB_27GM", "cpu": "Intel Core i7", "gpu": "RTX3050", "ram": "32GB", "storage": "2TB SSD", "price": 85000.0, "description": "Intel Core i7, RTX3050, 32GB, 2TB SSD \u2014 High-end gaming PC."}, "479": {"sku": "AQ50I7632G2SRTX30508GB_27GM", "cpu": "Intel Core i7", "gpu": "RTX3050", "ram": "32GB", "storage": "2TB SSD", "price": 85000.0, "description": "Intel Core i7, RTX3050, 32GB, 2TB SSD \u2014 High-end gaming PC."}, "480": {"sku": "AQ50I7632G2SRTX3060", "cpu": "Intel Core i7", "gpu": "RTX3060", "ram": "32GB", "storage": "2TB SSD", "price": 120000.0, "description": "Intel Core i7, RTX3060, 32GB, 2TB SSD \u2014 High-end gaming PC."}, "481": {"sku": "AQ50I7632G2SRTX3060_27GM", "cpu": "Intel Core i7", "gpu": "RTX3060", "ram": "32GB", "storage": "2TB SSD", "price": 120000.0, "description": "Intel Core i7, RTX3060, 32GB, 2TB SSD \u2014 High-end gaming PC."}, "482": {"sku": "AQ50I7632G2SRTX3060_27GM -E", "cpu": "Intel Core i7", "gpu": "RTX3060", "ram": "32GB", "storage": "2TB SSD", "price": 120000.0, "description": "Intel Core i7, RTX3060, 32GB, 2TB SSD \u2014 High-end gaming PC."}, "483": {"sku": "AQ50I7632G2SRTX306012GB_27GM", "cpu": "Intel Core i7", "gpu": "RTX3060", "ram": "32GB", "storage": "2TB SSD", "price": 120000.0, "description": "Intel Core i7, RTX3060, 32GB, 2TB SSD \u2014 High-end gaming PC."}, "484": {"sku": "AQ50I7632G2SRX580", "cpu": "Intel Core i7", "gpu": "RX580", "ram": "32GB", "storage": "2TB SSD", "price": 75000.0, "description": "Intel Core i7, RX580, 32GB, 2TB SSD \u2014 Low Spec PC."}, "485": {"sku": "AQ50I7632G2SRX580_27GM", "cpu": "Intel Core i7", "gpu": "RX580", "ram": "32GB", "storage": "2TB SSD", "price": 75000.0, "description": "Intel Core i7, RX580, 32GB, 2TB SSD \u2014 Low Spec PC."}, "486": {"sku": "AQ50I7832G1SRX580 -E", "cpu": "Intel Core i7", "gpu": "RX580", "ram": "32GB", "storage": "1TB SSD", "price": 75000.0, "description": "Intel Core i7, RX580, 32GB, 1TB SSD \u2014 Low Spec PC."}, "487": {"sku": "AQ80I7832G1NVMeGTX1050Ti11P", "cpu": "Intel Core i7", "gpu": "GTX1050Ti", "ram": "32GB", "storage": "512GB SSD", "price": 60000.0, "description": "Intel Core i7, GTX1050Ti, 32GB, 512GB SSD \u2014 Moderate low profile gaming PC."}, "488": {"sku": "AQ80I7832G1NVMeGTX165011P", "cpu": "Intel Core i7", "gpu": "GTX1650", "ram": "32GB", "storage": "512GB SSD", "price": 70000.0, "description": "Intel Core i7, GTX1650, 32GB, 512GB SSD \u2014 Moderate low profile gaming PC."}, "489": {"sku": "AQ80I7832G1NVMeGTX166011P", "cpu": "Intel Core i7", "gpu": "Unknown GPU", "ram": "32GB", "storage": "512GB SSD", "price": 70000.0, "description": "Intel Core i7, Unknown GPU, 32GB, 512GB SSD \u2014 Standard gaming PC."}, "490": {"sku": "AQ80I7832G1NVMeRTX30506GB11P", "cpu": "Intel Core i7", "gpu": "RTX3050", "ram": "32GB", "storage": "512GB SSD", "price": 85000.0, "description": "Intel Core i7, RTX3050, 32GB, 512GB SSD \u2014 High-end gaming PC."}, "491": {"sku": "AQ80I7832G1NVMeRTX30508GB11P", "cpu": "Intel Core i7", "gpu": "RTX3050", "ram": "32GB", "storage": "512GB SSD", "price": 85000.0, "description": "Intel Core i7, RTX3050, 32GB, 512GB SSD \u2014 High-end gaming PC."}, "492": {"sku": "AQ80I7832G1NVMeRTX306012GB11P", "cpu": "Intel Core i7", "gpu": "RTX3060", "ram": "32GB", "storage": "512GB SSD", "price": 120000.0, "description": "Intel Core i7, RTX3060, 32GB, 512GB SSD \u2014 High-end gaming PC."}, "493": {"sku": "AQ80I7832G1NVMeRTX40608GB11P", "cpu": "Intel Core i7", "gpu": "RTX4060", "ram": "32GB", "storage": "512GB SSD", "price": 180000.0, "description": "Intel Core i7, RTX4060, 32GB, 512GB SSD \u2014 Super gaming PC for high profile games."}, "494": {"sku": "AQ80I7832G2NVMeGTX1050Ti11P", "cpu": "Intel Core i7", "gpu": "GTX1050Ti", "ram": "32GB", "storage": "512GB SSD", "price": 60000.0, "description": "Intel Core i7, GTX1050Ti, 32GB, 512GB SSD \u2014 Moderate low profile gaming PC."}, "495": {"sku": "AQ80I7832G2NVMeGTX165011P", "cpu": "Intel Core i7", "gpu": "GTX1650", "ram": "32GB", "storage": "512GB SSD", "price": 70000.0, "description": "Intel Core i7, GTX1650, 32GB, 512GB SSD \u2014 Moderate low profile gaming PC."}, "496": {"sku": "AQ80I7832G2NVMeGTX166011P", "cpu": "Intel Core i7", "gpu": "Unknown GPU", "ram": "32GB", "storage": "512GB SSD", "price": 70000.0, "description": "Intel Core i7, Unknown GPU, 32GB, 512GB SSD \u2014 Standard gaming PC."}, "497": {"sku": "AQ80I7832G2NVMeRTX30506GB11P", "cpu": "Intel Core i7", "gpu": "RTX3050", "ram": "32GB", "storage": "512GB SSD", "price": 85000.0, "description": "Intel Core i7, RTX3050, 32GB, 512GB SSD \u2014 High-end gaming PC."}, "498": {"sku": "AQ80I7832G2NVMeRTX30508GB11P", "cpu": "Intel Core i7", "gpu": "RTX3050", "ram": "32GB", "storage": "512GB SSD", "price": 85000.0, "description": "Intel Core i7, RTX3050, 32GB, 512GB SSD \u2014 High-end gaming PC."}, "499": {"sku": "AQ80I7832G2NVMeRTX306012GB11P", "cpu": "Intel Core i7", "gpu": "RTX3060", "ram": "32GB", "storage": "512GB SSD", "price": 120000.0, "description": "Intel Core i7, RTX3060, 32GB, 512GB SSD \u2014 High-end gaming PC."}, "500": {"sku": "AQ80I7832G2NVMeRTX40608GB11P", "cpu": "Intel Core i7", "gpu": "RTX4060", "ram": "32GB", "storage": "512GB SSD", "price": 180000.0, "description": "Intel Core i7, RTX4060, 32GB, 512GB SSD \u2014 Super gaming PC for high profile games."}, "501": {"sku": "AQ80I7870032G1NVMeRTX50608G", "cpu": "Intel Core i7", "gpu": "RTX5060", "ram": "32GB", "storage": "512GB SSD", "price": 200000.0, "description": "Intel Core i7, RTX5060, 32GB, 512GB SSD \u2014 Super gaming PC for high profile games."}, "502": {"sku": "AQB60I7632G1SGTX1660S", "cpu": "Intel Core i7", "gpu": "GTX1660S", "ram": "32GB", "storage": "1TB SSD", "price": 80000.0, "description": "Intel Core i7, GTX1660S, 32GB, 1TB SSD \u2014 Moderate low profile gaming PC."}, "503": {"sku": "AQB60I7632G1SRTX3050", "cpu": "Intel Core i7", "gpu": "RTX3050", "ram": "32GB", "storage": "1TB SSD", "price": 85000.0, "description": "Intel Core i7, RTX3050, 32GB, 1TB SSD \u2014 High-end gaming PC."}, "504": {"sku": "AQB60I7632G1SRTX30506GB", "cpu": "Intel Core i7", "gpu": "RTX3050", "ram": "32GB", "storage": "1TB SSD", "price": 85000.0, "description": "Intel Core i7, RTX3050, 32GB, 1TB SSD \u2014 High-end gaming PC."}, "505": {"sku": "AQB60I7632G1SRTX3060", "cpu": "Intel Core i7", "gpu": "RTX3060", "ram": "32GB", "storage": "1TB SSD", "price": 120000.0, "description": "Intel Core i7, RTX3060, 32GB, 1TB SSD \u2014 High-end gaming PC."}, "506": {"sku": "AQB60I7632G1SRX580", "cpu": "Intel Core i7", "gpu": "RX580", "ram": "32GB", "storage": "1TB SSD", "price": 75000.0, "description": "Intel Core i7, RX580, 32GB, 1TB SSD \u2014 Low Spec PC."}, "507": {"sku": "AQB60I7632G1SRX580_27GB", "cpu": "Intel Core i7", "gpu": "RX580", "ram": "32GB", "storage": "1TB SSD", "price": 75000.0, "description": "Intel Core i7, RX580, 32GB, 1TB SSD \u2014 Low Spec PC."}, "508": {"sku": "AQB60I7632G2SGTX1660S", "cpu": "Intel Core i7", "gpu": "GTX1660S", "ram": "32GB", "storage": "2TB SSD", "price": 80000.0, "description": "Intel Core i7, GTX1660S, 32GB, 2TB SSD \u2014 Moderate low profile gaming PC."}, "509": {"sku": "AQB60I7632G2SRTX3050", "cpu": "Intel Core i7", "gpu": "RTX3050", "ram": "32GB", "storage": "2TB SSD", "price": 85000.0, "description": "Intel Core i7, RTX3050, 32GB, 2TB SSD \u2014 High-end gaming PC."}, "510": {"sku": "AQB60I7632G2SRTX30506GB", "cpu": "Intel Core i7", "gpu": "RTX3050", "ram": "32GB", "storage": "2TB SSD", "price": 85000.0, "description": "Intel Core i7, RTX3050, 32GB, 2TB SSD \u2014 High-end gaming PC."}, "511": {"sku": "AQB60I7632G2SRTX3060", "cpu": "Intel Core i7", "gpu": "RTX3060", "ram": "32GB", "storage": "2TB SSD", "price": 120000.0, "description": "Intel Core i7, RTX3060, 32GB, 2TB SSD \u2014 High-end gaming PC."}, "512": {"sku": "AQB60I7632G2SRX580", "cpu": "Intel Core i7", "gpu": "RX580", "ram": "32GB", "storage": "2TB SSD", "price": 75000.0, "description": "Intel Core i7, RX580, 32GB, 2TB SSD \u2014 Low Spec PC."}, "513": {"sku": "AQB70I7632G1SGTX1660S", "cpu": "Intel Core i7", "gpu": "GTX1660S", "ram": "32GB", "storage": "1TB SSD", "price": 80000.0, "description": "Intel Core i7, GTX1660S, 32GB, 1TB SSD \u2014 Moderate low profile gaming PC."}, "514": {"sku": "AQB70I7632G1SGTX1660S_27", "cpu": "Intel Core i7", "gpu": "GTX1660S", "ram": "32GB", "storage": "1TB SSD", "price": 80000.0, "description": "Intel Core i7, GTX1660S, 32GB, 1TB SSD \u2014 Moderate low profile gaming PC."}, "515": {"sku": "AQB70I7632G1SGTX1660S_27GM", "cpu": "Intel Core i7", "gpu": "GTX1660S", "ram": "32GB", "storage": "1TB SSD", "price": 80000.0, "description": "Intel Core i7, GTX1660S, 32GB, 1TB SSD \u2014 Moderate low profile gaming PC."}, "516": {"sku": "AQB70I7632G1SRTX3050", "cpu": "Intel Core i7", "gpu": "RTX3050", "ram": "32GB", "storage": "1TB SSD", "price": 85000.0, "description": "Intel Core i7, RTX3050, 32GB, 1TB SSD \u2014 High-end gaming PC."}, "517": {"sku": "AQB70I7632G1SRTX3050_27", "cpu": "Intel Core i7", "gpu": "RTX3050", "ram": "32GB", "storage": "1TB SSD", "price": 85000.0, "description": "Intel Core i7, RTX3050, 32GB, 1TB SSD \u2014 High-end gaming PC."}, "518": {"sku": "AQB70I7632G1SRTX30506GB", "cpu": "Intel Core i7", "gpu": "RTX3050", "ram": "32GB", "storage": "1TB SSD", "price": 85000.0, "description": "Intel Core i7, RTX3050, 32GB, 1TB SSD \u2014 High-end gaming PC."}, "519": {"sku": "AQB70I7632G1SRTX30506GB_27GM", "cpu": "Intel Core i7", "gpu": "RTX3050", "ram": "32GB", "storage": "1TB SSD", "price": 85000.0, "description": "Intel Core i7, RTX3050, 32GB, 1TB SSD \u2014 High-end gaming PC."}, "520": {"sku": "AQB70I7632G1SRTX30508GB_27GM", "cpu": "Intel Core i7", "gpu": "RTX3050", "ram": "32GB", "storage": "1TB SSD", "price": 85000.0, "description": "Intel Core i7, RTX3050, 32GB, 1TB SSD \u2014 High-end gaming PC."}, "521": {"sku": "AQB70I7632G1SRTX3060", "cpu": "Intel Core i7", "gpu": "RTX3060", "ram": "32GB", "storage": "1TB SSD", "price": 120000.0, "description": "Intel Core i7, RTX3060, 32GB, 1TB SSD \u2014 High-end gaming PC."}, "522": {"sku": "AQB70I7632G1SRTX3060_27", "cpu": "Intel Core i7", "gpu": "RTX3060", "ram": "32GB", "storage": "1TB SSD", "price": 120000.0, "description": "Intel Core i7, RTX3060, 32GB, 1TB SSD \u2014 High-end gaming PC."}, "523": {"sku": "AQB70I7632G1SRTX306012GB_27GM", "cpu": "Intel Core i7", "gpu": "RTX3060", "ram": "32GB", "storage": "1TB SSD", "price": 120000.0, "description": "Intel Core i7, RTX3060, 32GB, 1TB SSD \u2014 High-end gaming PC."}, "524": {"sku": "AQB70I7632G1SRX580", "cpu": "Intel Core i7", "gpu": "RX580", "ram": "32GB", "storage": "1TB SSD", "price": 75000.0, "description": "Intel Core i7, RX580, 32GB, 1TB SSD \u2014 Low Spec PC."}, "525": {"sku": "AQB70I7632G1SRX580_27", "cpu": "Intel Core i7", "gpu": "RX580", "ram": "32GB", "storage": "1TB SSD", "price": 75000.0, "description": "Intel Core i7, RX580, 32GB, 1TB SSD \u2014 Low Spec PC."}, "526": {"sku": "AQB70I7632G1SRX580_27GM", "cpu": "Intel Core i7", "gpu": "RX580", "ram": "32GB", "storage": "1TB SSD", "price": 75000.0, "description": "Intel Core i7, RX580, 32GB, 1TB SSD \u2014 Low Spec PC."}, "527": {"sku": "AQB70I7632G2SGTX1660S", "cpu": "Intel Core i7", "gpu": "GTX1660S", "ram": "32GB", "storage": "2TB SSD", "price": 80000.0, "description": "Intel Core i7, GTX1660S, 32GB, 2TB SSD \u2014 Moderate low profile gaming PC."}, "528": {"sku": "AQB70I7632G2SGTX1660S_27", "cpu": "Intel Core i7", "gpu": "GTX1660S", "ram": "32GB", "storage": "2TB SSD", "price": 80000.0, "description": "Intel Core i7, GTX1660S, 32GB, 2TB SSD \u2014 Moderate low profile gaming PC."}, "529": {"sku": "AQB70I7632G2SGTX1660S_27GM", "cpu": "Intel Core i7", "gpu": "GTX1660S", "ram": "32GB", "storage": "2TB SSD", "price": 80000.0, "description": "Intel Core i7, GTX1660S, 32GB, 2TB SSD \u2014 Moderate low profile gaming PC."}, "530": {"sku": "AQB70I7632G2SRTX3050", "cpu": "Intel Core i7", "gpu": "RTX3050", "ram": "32GB", "storage": "2TB SSD", "price": 85000.0, "description": "Intel Core i7, RTX3050, 32GB, 2TB SSD \u2014 High-end gaming PC."}, "531": {"sku": "AQB70I7632G2SRTX3050_27", "cpu": "Intel Core i7", "gpu": "RTX3050", "ram": "32GB", "storage": "2TB SSD", "price": 85000.0, "description": "Intel Core i7, RTX3050, 32GB, 2TB SSD \u2014 High-end gaming PC."}, "532": {"sku": "AQB70I7632G2SRTX30506GB", "cpu": "Intel Core i7", "gpu": "RTX3050", "ram": "32GB", "storage": "2TB SSD", "price": 85000.0, "description": "Intel Core i7, RTX3050, 32GB, 2TB SSD \u2014 High-end gaming PC."}, "533": {"sku": "AQB70I7632G2SRTX30506GB_27GM", "cpu": "Intel Core i7", "gpu": "RTX3050", "ram": "32GB", "storage": "2TB SSD", "price": 85000.0, "description": "Intel Core i7, RTX3050, 32GB, 2TB SSD \u2014 High-end gaming PC."}, "534": {"sku": "AQB70I7632G2SRTX30508GB_27GM", "cpu": "Intel Core i7", "gpu": "RTX3050", "ram": "32GB", "storage": "2TB SSD", "price": 85000.0, "description": "Intel Core i7, RTX3050, 32GB, 2TB SSD \u2014 High-end gaming PC."}, "535": {"sku": "AQB70I7632G2SRTX3060", "cpu": "Intel Core i7", "gpu": "RTX3060", "ram": "32GB", "storage": "2TB SSD", "price": 120000.0, "description": "Intel Core i7, RTX3060, 32GB, 2TB SSD \u2014 High-end gaming PC."}, "536": {"sku": "AQB70I7632G2SRTX3060_27", "cpu": "Intel Core i7", "gpu": "RTX3060", "ram": "32GB", "storage": "2TB SSD", "price": 120000.0, "description": "Intel Core i7, RTX3060, 32GB, 2TB SSD \u2014 High-end gaming PC."}, "537": {"sku": "AQB70I7632G2SRTX306012GB_27GM", "cpu": "Intel Core i7", "gpu": "RTX3060", "ram": "32GB", "storage": "2TB SSD", "price": 120000.0, "description": "Intel Core i7, RTX3060, 32GB, 2TB SSD \u2014 High-end gaming PC."}, "538": {"sku": "AQB70I7632G2SRX580", "cpu": "Intel Core i7", "gpu": "RX580", "ram": "32GB", "storage": "2TB SSD", "price": 75000.0, "description": "Intel Core i7, RX580, 32GB, 2TB SSD \u2014 Low Spec PC."}, "539": {"sku": "AQB70I7632G2SRX580_27", "cpu": "Intel Core i7", "gpu": "RX580", "ram": "32GB", "storage": "2TB SSD", "price": 75000.0, "description": "Intel Core i7, RX580, 32GB, 2TB SSD \u2014 Low Spec PC."}, "540": {"sku": "AQB70I7632G2SRX580_27GM", "cpu": "Intel Core i7", "gpu": "RX580", "ram": "32GB", "storage": "2TB SSD", "price": 75000.0, "description": "Intel Core i7, RX580, 32GB, 2TB SSD \u2014 Low Spec PC."}, "541": {"sku": "AQB70I7870032G1NVMeRTX50608G", "cpu": "Intel Core i7", "gpu": "RTX5060", "ram": "32GB", "storage": "512GB SSD", "price": 200000.0, "description": "Intel Core i7, RTX5060, 32GB, 512GB SSD \u2014 Super gaming PC for high profile games."}, "542": {"sku": "AQILTI5832G1SGTX1050Ti", "cpu": "Intel Core i5", "gpu": "GTX1050Ti", "ram": "32GB", "storage": "1TB SSD", "price": 60000.0, "description": "Intel Core i5, GTX1050Ti, 32GB, 1TB SSD \u2014 Moderate low profile gaming PC."}, "543": {"sku": "AQILTI5832G1SGTX1630", "cpu": "Intel Core i5", "gpu": "GTX1630", "ram": "32GB", "storage": "1TB SSD", "price": 65000.0, "description": "Intel Core i5, GTX1630, 32GB, 1TB SSD \u2014 Moderate low profile gaming PC."}, "544": {"sku": "AQILTI5832G1SGTX1650", "cpu": "Intel Core i5", "gpu": "GTX1650", "ram": "32GB", "storage": "1TB SSD", "price": 70000.0, "description": "Intel Core i5, GTX1650, 32GB, 1TB SSD \u2014 Moderate low profile gaming PC."}, "545": {"sku": "AQILTI5832G1SRTX3050", "cpu": "Intel Core i5", "gpu": "RTX3050", "ram": "32GB", "storage": "1TB SSD", "price": 85000.0, "description": "Intel Core i5, RTX3050, 32GB, 1TB SSD \u2014 High-end gaming PC."}, "546": {"sku": "AQILTI5832G1SRX550", "cpu": "Intel Core i5", "gpu": "RX550", "ram": "32GB", "storage": "1TB SSD", "price": 55000.0, "description": "Intel Core i5, RX550, 32GB, 1TB SSD \u2014 Low Spec PC."}, "547": {"sku": "AQILTI7632G1SGTX1050Ti", "cpu": "Intel Core i7", "gpu": "GTX1050Ti", "ram": "32GB", "storage": "1TB SSD", "price": 60000.0, "description": "Intel Core i7, GTX1050Ti, 32GB, 1TB SSD \u2014 Moderate low profile gaming PC."}, "548": {"sku": "AQILTI7632G1SGTX1050Ti24NM", "cpu": "Intel Core i7", "gpu": "GTX1050Ti", "ram": "32GB", "storage": "1TB SSD", "price": 60000.0, "description": "Intel Core i7, GTX1050Ti, 32GB, 1TB SSD \u2014 Moderate low profile gaming PC."}, "549": {"sku": "AQILTI7632G1SGTX1050Ti27NM", "cpu": "Intel Core i7", "gpu": "GTX1050Ti", "ram": "32GB", "storage": "1TB SSD", "price": 60000.0, "description": "Intel Core i7, GTX1050Ti, 32GB, 1TB SSD \u2014 Moderate low profile gaming PC."}, "550": {"sku": "AQILTI7632G1SGTX1630", "cpu": "Intel Core i7", "gpu": "GTX1630", "ram": "32GB", "storage": "1TB SSD", "price": 65000.0, "description": "Intel Core i7, GTX1630, 32GB, 1TB SSD \u2014 Moderate low profile gaming PC."}, "551": {"sku": "AQILTI7632G1SGTX1650", "cpu": "Intel Core i7", "gpu": "GTX1650", "ram": "32GB", "storage": "1TB SSD", "price": 70000.0, "description": "Intel Core i7, GTX1650, 32GB, 1TB SSD \u2014 Moderate low profile gaming PC."}, "552": {"sku": "AQILTI7632G1SGTX165024NM", "cpu": "Intel Core i7", "gpu": "GTX1650", "ram": "32GB", "storage": "1TB SSD", "price": 70000.0, "description": "Intel Core i7, GTX1650, 32GB, 1TB SSD \u2014 Moderate low profile gaming PC."}, "553": {"sku": "AQILTI7632G1SGTX165027NM", "cpu": "Intel Core i7", "gpu": "GTX1650", "ram": "32GB", "storage": "1TB SSD", "price": 70000.0, "description": "Intel Core i7, GTX1650, 32GB, 1TB SSD \u2014 Moderate low profile gaming PC."}, "554": {"sku": "AQILTI7632G1SRX550", "cpu": "Intel Core i7", "gpu": "RX550", "ram": "32GB", "storage": "1TB SSD", "price": 55000.0, "description": "Intel Core i7, RX550, 32GB, 1TB SSD \u2014 Low Spec PC."}, "555": {"sku": "AQILTI7632G1SRX55024NM", "cpu": "Intel Core i7", "gpu": "RX550", "ram": "32GB", "storage": "1TB SSD", "price": 55000.0, "description": "Intel Core i7, RX550, 32GB, 1TB SSD \u2014 Low Spec PC."}, "556": {"sku": "AQILTI7632G1SRX55027NM", "cpu": "Intel Core i7", "gpu": "RX550", "ram": "32GB", "storage": "1TB SSD", "price": 55000.0, "description": "Intel Core i7, RX550, 32GB, 1TB SSD \u2014 Low Spec PC."}, "557": {"sku": "AQILTI7632G512SRX55024NM", "cpu": "Intel Core i7", "gpu": "RX550", "ram": "32GB", "storage": "2TB SSD", "price": 55000.0, "description": "Intel Core i7, RX550, 32GB, 2TB SSD \u2014 Low Spec PC."}, "558": {"sku": "AQILTI7632G512SRX55027NM", "cpu": "Intel Core i7", "gpu": "RX550", "ram": "32GB", "storage": "2TB SSD", "price": 55000.0, "description": "Intel Core i7, RX550, 32GB, 2TB SSD \u2014 Low Spec PC."}, "559": {"sku": "AQILTI7732G1SGTX1050Ti", "cpu": "Intel Core i7", "gpu": "GTX1050Ti", "ram": "32GB", "storage": "1TB SSD", "price": 60000.0, "description": "Intel Core i7, GTX1050Ti, 32GB, 1TB SSD \u2014 Moderate low profile gaming PC."}, "560": {"sku": "AQILTI7732G1SGTX1630", "cpu": "Intel Core i7", "gpu": "GTX1630", "ram": "32GB", "storage": "1TB SSD", "price": 65000.0, "description": "Intel Core i7, GTX1630, 32GB, 1TB SSD \u2014 Moderate low profile gaming PC."}, "561": {"sku": "AQILTI7732G1SGTX1650", "cpu": "Intel Core i7", "gpu": "GTX1650", "ram": "32GB", "storage": "1TB SSD", "price": 70000.0, "description": "Intel Core i7, GTX1650, 32GB, 1TB SSD \u2014 Moderate low profile gaming PC."}, "562": {"sku": "AQILTI7832G1SGTX1050Ti", "cpu": "Intel Core i7", "gpu": "GTX1050Ti", "ram": "32GB", "storage": "1TB SSD", "price": 60000.0, "description": "Intel Core i7, GTX1050Ti, 32GB, 1TB SSD \u2014 Moderate low profile gaming PC."}, "563": {"sku": "AQILTI7832G1SGTX1630", "cpu": "Intel Core i7", "gpu": "GTX1630", "ram": "32GB", "storage": "1TB SSD", "price": 65000.0, "description": "Intel Core i7, GTX1630, 32GB, 1TB SSD \u2014 Moderate low profile gaming PC."}, "564": {"sku": "AQILTI7832G1SGTX1650", "cpu": "Intel Core i7", "gpu": "GTX1650", "ram": "32GB", "storage": "1TB SSD", "price": 70000.0, "description": "Intel Core i7, GTX1650, 32GB, 1TB SSD \u2014 Moderate low profile gaming PC."}, "565": {"sku": "AQILTI7832G1SRTX3050", "cpu": "Intel Core i7", "gpu": "RTX3050", "ram": "32GB", "storage": "1TB SSD", "price": 85000.0, "description": "Intel Core i7, RTX3050, 32GB, 1TB SSD \u2014 High-end gaming PC."}, "566": {"sku": "AQLRTI5832G1SGTX1050Ti", "cpu": "Intel Core i5", "gpu": "GTX1050Ti", "ram": "32GB", "storage": "1TB SSD", "price": 60000.0, "description": "Intel Core i5, GTX1050Ti, 32GB, 1TB SSD \u2014 Moderate low profile gaming PC."}, "567": {"sku": "AQLRTI5832G1SGTX1050Ti_27GM", "cpu": "Intel Core i5", "gpu": "GTX1050Ti", "ram": "32GB", "storage": "1TB SSD", "price": 60000.0, "description": "Intel Core i5, GTX1050Ti, 32GB, 1TB SSD \u2014 Moderate low profile gaming PC."}, "568": {"sku": "AQLRTI5832G1SGTX1630", "cpu": "Intel Core i5", "gpu": "GTX1630", "ram": "32GB", "storage": "1TB SSD", "price": 65000.0, "description": "Intel Core i5, GTX1630, 32GB, 1TB SSD \u2014 Moderate low profile gaming PC."}, "569": {"sku": "AQLRTI5832G1SGTX1630_27GM", "cpu": "Intel Core i5", "gpu": "GTX1630", "ram": "32GB", "storage": "1TB SSD", "price": 65000.0, "description": "Intel Core i5, GTX1630, 32GB, 1TB SSD \u2014 Moderate low profile gaming PC."}, "570": {"sku": "AQLRTI5832G1SGTX1650", "cpu": "Intel Core i5", "gpu": "GTX1650", "ram": "32GB", "storage": "1TB SSD", "price": 70000.0, "description": "Intel Core i5, GTX1650, 32GB, 1TB SSD \u2014 Moderate low profile gaming PC."}, "571": {"sku": "AQLRTI5832G1SGTX1650_27GM", "cpu": "Intel Core i5", "gpu": "GTX1650", "ram": "32GB", "storage": "1TB SSD", "price": 70000.0, "description": "Intel Core i5, GTX1650, 32GB, 1TB SSD \u2014 Moderate low profile gaming PC."}, "572": {"sku": "AQLRTI5832G1SRTX3050", "cpu": "Intel Core i5", "gpu": "RTX3050", "ram": "32GB", "storage": "1TB SSD", "price": 85000.0, "description": "Intel Core i5, RTX3050, 32GB, 1TB SSD \u2014 High-end gaming PC."}, "573": {"sku": "AQLRTI5832G1SRTX3050_27GM", "cpu": "Intel Core i5", "gpu": "RTX3050", "ram": "32GB", "storage": "1TB SSD", "price": 85000.0, "description": "Intel Core i5, RTX3050, 32GB, 1TB SSD \u2014 High-end gaming PC."}, "574": {"sku": "AQLRTI5832G1SRX550", "cpu": "Intel Core i5", "gpu": "RX550", "ram": "32GB", "storage": "1TB SSD", "price": 55000.0, "description": "Intel Core i5, RX550, 32GB, 1TB SSD \u2014 Low Spec PC."}, "575": {"sku": "AQLRTI5832G1SRX550_27GM", "cpu": "Intel Core i5", "gpu": "RX550", "ram": "32GB", "storage": "1TB SSD", "price": 55000.0, "description": "Intel Core i5, RX550, 32GB, 1TB SSD \u2014 Low Spec PC."}, "576": {"sku": "AQLRTI7632G1SGTX1050Ti", "cpu": "Intel Core i7", "gpu": "GTX1050Ti", "ram": "32GB", "storage": "1TB SSD", "price": 60000.0, "description": "Intel Core i7, GTX1050Ti, 32GB, 1TB SSD \u2014 Moderate low profile gaming PC."}, "577": {"sku": "AQLRTI7632G1SGTX1050Ti_27GM", "cpu": "Intel Core i7", "gpu": "GTX1050Ti", "ram": "32GB", "storage": "1TB SSD", "price": 60000.0, "description": "Intel Core i7, GTX1050Ti, 32GB, 1TB SSD \u2014 Moderate low profile gaming PC."}, "578": {"sku": "AQLRTI7632G1SGTX1050Ti24NM", "cpu": "Intel Core i7", "gpu": "GTX1050Ti", "ram": "32GB", "storage": "1TB SSD", "price": 60000.0, "description": "Intel Core i7, GTX1050Ti, 32GB, 1TB SSD \u2014 Moderate low profile gaming PC."}, "579": {"sku": "AQLRTI7632G1SGTX1050Ti27NM", "cpu": "Intel Core i7", "gpu": "GTX1050Ti", "ram": "32GB", "storage": "1TB SSD", "price": 60000.0, "description": "Intel Core i7, GTX1050Ti, 32GB, 1TB SSD \u2014 Moderate low profile gaming PC."}, "580": {"sku": "AQLRTI7632G1SGTX1630", "cpu": "Intel Core i7", "gpu": "GTX1630", "ram": "32GB", "storage": "1TB SSD", "price": 65000.0, "description": "Intel Core i7, GTX1630, 32GB, 1TB SSD \u2014 Moderate low profile gaming PC."}, "581": {"sku": "AQLRTI7632G1SGTX1630_27GM", "cpu": "Intel Core i7", "gpu": "GTX1630", "ram": "32GB", "storage": "1TB SSD", "price": 65000.0, "description": "Intel Core i7, GTX1630, 32GB, 1TB SSD \u2014 Moderate low profile gaming PC."}, "582": {"sku": "AQLRTI7632G1SGTX1650", "cpu": "Intel Core i7", "gpu": "GTX1650", "ram": "32GB", "storage": "1TB SSD", "price": 70000.0, "description": "Intel Core i7, GTX1650, 32GB, 1TB SSD \u2014 Moderate low profile gaming PC."}, "583": {"sku": "AQLRTI7632G1SGTX1650_27GM", "cpu": "Intel Core i7", "gpu": "GTX1650", "ram": "32GB", "storage": "1TB SSD", "price": 70000.0, "description": "Intel Core i7, GTX1650, 32GB, 1TB SSD \u2014 Moderate low profile gaming PC."}, "584": {"sku": "AQLRTI7632G1SGTX165024NM", "cpu": "Intel Core i7", "gpu": "GTX1650", "ram": "32GB", "storage": "1TB SSD", "price": 70000.0, "description": "Intel Core i7, GTX1650, 32GB, 1TB SSD \u2014 Moderate low profile gaming PC."}, "585": {"sku": "AQLRTI7632G1SGTX165027NM", "cpu": "Intel Core i7", "gpu": "GTX1650", "ram": "32GB", "storage": "1TB SSD", "price": 70000.0, "description": "Intel Core i7, GTX1650, 32GB, 1TB SSD \u2014 Moderate low profile gaming PC."}, "586": {"sku": "AQLRTI7632G1SRX550", "cpu": "Intel Core i7", "gpu": "RX550", "ram": "32GB", "storage": "1TB SSD", "price": 55000.0, "description": "Intel Core i7, RX550, 32GB, 1TB SSD \u2014 Low Spec PC."}, "587": {"sku": "AQLRTI7632G1SRX550 _27GM", "cpu": "Intel Core i7", "gpu": "RX550", "ram": "32GB", "storage": "1TB SSD", "price": 55000.0, "description": "Intel Core i7, RX550, 32GB, 1TB SSD \u2014 Low Spec PC."}, "588": {"sku": "AQLRTI7632G1SRX55024NM", "cpu": "Intel Core i7", "gpu": "RX550", "ram": "32GB", "storage": "1TB SSD", "price": 55000.0, "description": "Intel Core i7, RX550, 32GB, 1TB SSD \u2014 Low Spec PC."}, "589": {"sku": "AQLRTI7632G1SRX55027NM", "cpu": "Intel Core i7", "gpu": "RX550", "ram": "32GB", "storage": "1TB SSD", "price": 55000.0, "description": "Intel Core i7, RX550, 32GB, 1TB SSD \u2014 Low Spec PC."}, "590": {"sku": "AQLRTI7632G512SRX55024NM", "cpu": "Intel Core i7", "gpu": "RX550", "ram": "32GB", "storage": "2TB SSD", "price": 55000.0, "description": "Intel Core i7, RX550, 32GB, 2TB SSD \u2014 Low Spec PC."}, "591": {"sku": "AQLRTI7632G512SRX55027NM", "cpu": "Intel Core i7", "gpu": "RX550", "ram": "32GB", "storage": "2TB SSD", "price": 55000.0, "description": "Intel Core i7, RX550, 32GB, 2TB SSD \u2014 Low Spec PC."}, "592": {"sku": "AQLRTI7732G1SGTX1050Ti", "cpu": "Intel Core i7", "gpu": "GTX1050Ti", "ram": "32GB", "storage": "1TB SSD", "price": 60000.0, "description": "Intel Core i7, GTX1050Ti, 32GB, 1TB SSD \u2014 Moderate low profile gaming PC."}, "593": {"sku": "AQLRTI7732G1SGTX1050Ti_27GM", "cpu": "Intel Core i7", "gpu": "GTX1050Ti", "ram": "32GB", "storage": "1TB SSD", "price": 60000.0, "description": "Intel Core i7, GTX1050Ti, 32GB, 1TB SSD \u2014 Moderate low profile gaming PC."}, "594": {"sku": "AQLRTI7732G1SGTX1630", "cpu": "Intel Core i7", "gpu": "GTX1630", "ram": "32GB", "storage": "1TB SSD", "price": 65000.0, "description": "Intel Core i7, GTX1630, 32GB, 1TB SSD \u2014 Moderate low profile gaming PC."}, "595": {"sku": "AQLRTI7732G1SGTX1630_27GM", "cpu": "Intel Core i7", "gpu": "GTX1630", "ram": "32GB", "storage": "1TB SSD", "price": 65000.0, "description": "Intel Core i7, GTX1630, 32GB, 1TB SSD \u2014 Moderate low profile gaming PC."}, "596": {"sku": "AQLRTI7732G1SGTX1650", "cpu": "Intel Core i7", "gpu": "GTX1650", "ram": "32GB", "storage": "1TB SSD", "price": 70000.0, "description": "Intel Core i7, GTX1650, 32GB, 1TB SSD \u2014 Moderate low profile gaming PC."}, "597": {"sku": "AQLRTI7732G1SGTX1650_27GM", "cpu": "Intel Core i7", "gpu": "GTX1650", "ram": "32GB", "storage": "1TB SSD", "price": 70000.0, "description": "Intel Core i7, GTX1650, 32GB, 1TB SSD \u2014 Moderate low profile gaming PC."}, "598": {"sku": "AQLRTI7832G1SGTX1050Ti", "cpu": "Intel Core i7", "gpu": "GTX1050Ti", "ram": "32GB", "storage": "1TB SSD", "price": 60000.0, "description": "Intel Core i7, GTX1050Ti, 32GB, 1TB SSD \u2014 Moderate low profile gaming PC."}, "599": {"sku": "AQLRTI7832G1SGTX1050Ti_27GM", "cpu": "Intel Core i7", "gpu": "GTX1050Ti", "ram": "32GB", "storage": "1TB SSD", "price": 60000.0, "description": "Intel Core i7, GTX1050Ti, 32GB, 1TB SSD \u2014 Moderate low profile gaming PC."}, "600": {"sku": "AQLRTI7832G1SGTX1630", "cpu": "Intel Core i7", "gpu": "GTX1630", "ram": "32GB", "storage": "1TB SSD", "price": 65000.0, "description": "Intel Core i7, GTX1630, 32GB, 1TB SSD \u2014 Moderate low profile gaming PC."}, "601": {"sku": "AQLRTI7832G1SGTX1630_27GM", "cpu": "Intel Core i7", "gpu": "GTX1630", "ram": "32GB", "storage": "1TB SSD", "price": 65000.0, "description": "Intel Core i7, GTX1630, 32GB, 1TB SSD \u2014 Moderate low profile gaming PC."}, "602": {"sku": "AQLRTI7832G1SGTX1650", "cpu": "Intel Core i7", "gpu": "GTX1650", "ram": "32GB", "storage": "1TB SSD", "price": 70000.0, "description": "Intel Core i7, GTX1650, 32GB, 1TB SSD \u2014 Moderate low profile gaming PC."}, "603": {"sku": "AQLRTI7832G1SGTX1650_27GM", "cpu": "Intel Core i7", "gpu": "GTX1650", "ram": "32GB", "storage": "1TB SSD", "price": 70000.0, "description": "Intel Core i7, GTX1650, 32GB, 1TB SSD \u2014 Moderate low profile gaming PC."}, "604": {"sku": "AQLRTI7832G1SRTX3050", "cpu": "Intel Core i7", "gpu": "RTX3050", "ram": "32GB", "storage": "1TB SSD", "price": 85000.0, "description": "Intel Core i7, RTX3050, 32GB, 1TB SSD \u2014 High-end gaming PC."}, "605": {"sku": "AQLRTI7832G1SRTX3050_27GM", "cpu": "Intel Core i7", "gpu": "RTX3050", "ram": "32GB", "storage": "1TB SSD", "price": 85000.0, "description": "Intel Core i7, RTX3050, 32GB, 1TB SSD \u2014 High-end gaming PC."}, "606": {"sku": "AQNEI7870032G1NV11P", "cpu": "Intel Core i7", "gpu": "Unknown GPU", "ram": "32GB", "storage": "512GB SSD", "price": 70000.0, "description": "Intel Core i7, Unknown GPU, 32GB, 512GB SSD \u2014 Standard gaming PC."}, "607": {"sku": "AQNEI7870032G2NV11P", "cpu": "Intel Core i7", "gpu": "Unknown GPU", "ram": "32GB", "storage": "512GB SSD", "price": 70000.0, "description": "Intel Core i7, Unknown GPU, 32GB, 512GB SSD \u2014 Standard gaming PC."}, "608": {"sku": "AQW60I7632G1SGTX1650", "cpu": "Intel Core i7", "gpu": "GTX1650", "ram": "32GB", "storage": "1TB SSD", "price": 70000.0, "description": "Intel Core i7, GTX1650, 32GB, 1TB SSD \u2014 Moderate low profile gaming PC."}, "609": {"sku": "AQW60I7632G1SGTX1660S", "cpu": "Intel Core i7", "gpu": "GTX1660S", "ram": "32GB", "storage": "1TB SSD", "price": 80000.0, "description": "Intel Core i7, GTX1660S, 32GB, 1TB SSD \u2014 Moderate low profile gaming PC."}, "610": {"sku": "AQW60I7632G1SRTX3050", "cpu": "Intel Core i7", "gpu": "RTX3050", "ram": "32GB", "storage": "1TB SSD", "price": 85000.0, "description": "Intel Core i7, RTX3050, 32GB, 1TB SSD \u2014 High-end gaming PC."}, "611": {"sku": "AQW60I7632G1SRTX3060", "cpu": "Intel Core i7", "gpu": "RTX3060", "ram": "32GB", "storage": "1TB SSD", "price": 120000.0, "description": "Intel Core i7, RTX3060, 32GB, 1TB SSD \u2014 High-end gaming PC."}, "612": {"sku": "AQW60I7632G1SRX580", "cpu": "Intel Core i7", "gpu": "RX580", "ram": "32GB", "storage": "1TB SSD", "price": 75000.0, "description": "Intel Core i7, RX580, 32GB, 1TB SSD \u2014 Low Spec PC."}, "613": {"sku": "AQW60I7632G1SRX580_27GM", "cpu": "Intel Core i7", "gpu": "RX580", "ram": "32GB", "storage": "1TB SSD", "price": 75000.0, "description": "Intel Core i7, RX580, 32GB, 1TB SSD \u2014 Low Spec PC."}, "614": {"sku": "AQW60I7632G2SGTX1650", "cpu": "Intel Core i7", "gpu": "GTX1650", "ram": "32GB", "storage": "2TB SSD", "price": 70000.0, "description": "Intel Core i7, GTX1650, 32GB, 2TB SSD \u2014 Moderate low profile gaming PC."}, "615": {"sku": "AQW60I7632G2SGTX1660S", "cpu": "Intel Core i7", "gpu": "GTX1660S", "ram": "32GB", "storage": "2TB SSD", "price": 80000.0, "description": "Intel Core i7, GTX1660S, 32GB, 2TB SSD \u2014 Moderate low profile gaming PC."}, "616": {"sku": "AQW60I7632G2SRTX3050", "cpu": "Intel Core i7", "gpu": "RTX3050", "ram": "32GB", "storage": "2TB SSD", "price": 85000.0, "description": "Intel Core i7, RTX3050, 32GB, 2TB SSD \u2014 High-end gaming PC."}, "617": {"sku": "AQW60I7632G2SRTX3060", "cpu": "Intel Core i7", "gpu": "RTX3060", "ram": "32GB", "storage": "2TB SSD", "price": 120000.0, "description": "Intel Core i7, RTX3060, 32GB, 2TB SSD \u2014 High-end gaming PC."}, "618": {"sku": "AQW60I7632G2SRX580", "cpu": "Intel Core i7", "gpu": "RX580", "ram": "32GB", "storage": "2TB SSD", "price": 75000.0, "description": "Intel Core i7, RX580, 32GB, 2TB SSD \u2014 Low Spec PC."}, "619": {"sku": "AQW70I7632G1SGTX1660S", "cpu": "Intel Core i7", "gpu": "GTX1660S", "ram": "32GB", "storage": "1TB SSD", "price": 80000.0, "description": "Intel Core i7, GTX1660S, 32GB, 1TB SSD \u2014 Moderate low profile gaming PC."}, "620": {"sku": "AQW70I7632G1SRTX3050", "cpu": "Intel Core i7", "gpu": "RTX3050", "ram": "32GB", "storage": "1TB SSD", "price": 85000.0, "description": "Intel Core i7, RTX3050, 32GB, 1TB SSD \u2014 High-end gaming PC."}, "621": {"sku": "AQW70I7632G1SRTX3060", "cpu": "Intel Core i7", "gpu": "RTX3060", "ram": "32GB", "storage": "1TB SSD", "price": 120000.0, "description": "Intel Core i7, RTX3060, 32GB, 1TB SSD \u2014 High-end gaming PC."}, "622": {"sku": "AQW70I7632G1SRX580", "cpu": "Intel Core i7", "gpu": "RX580", "ram": "32GB", "storage": "1TB SSD", "price": 75000.0, "description": "Intel Core i7, RX580, 32GB, 1TB SSD \u2014 Low Spec PC."}, "623": {"sku": "AQW70I7632G2SGTX1660S", "cpu": "Intel Core i7", "gpu": "GTX1660S", "ram": "32GB", "storage": "2TB SSD", "price": 80000.0, "description": "Intel Core i7, GTX1660S, 32GB, 2TB SSD \u2014 Moderate low profile gaming PC."}, "624": {"sku": "AQW70I7632G2SRTX3050", "cpu": "Intel Core i7", "gpu": "RTX3050", "ram": "32GB", "storage": "2TB SSD", "price": 85000.0, "description": "Intel Core i7, RTX3050, 32GB, 2TB SSD \u2014 High-end gaming PC."}, "625": {"sku": "AQW70I7632G2SRTX3060", "cpu": "Intel Core i7", "gpu": "RTX3060", "ram": "32GB", "storage": "2TB SSD", "price": 120000.0, "description": "Intel Core i7, RTX3060, 32GB, 2TB SSD \u2014 High-end gaming PC."}, "626": {"sku": "AQW70I7632G2SRX580", "cpu": "Intel Core i7", "gpu": "RX580", "ram": "32GB", "storage": "2TB SSD", "price": 75000.0, "description": "Intel Core i7, RX580, 32GB, 2TB SSD \u2014 Low Spec PC."}, "627": {"sku": "AV10PI7632G1SGTX1660S_27GM -E", "cpu": "Intel Core i7", "gpu": "GTX1660S", "ram": "32GB", "storage": "1TB SSD", "price": 80000.0, "description": "Intel Core i7, GTX1660S, 32GB, 1TB SSD \u2014 Moderate low profile gaming PC."}, "628": {"sku": "AV10PI7632G1SRTX30506GB_27GM -E", "cpu": "Intel Core i7", "gpu": "RTX3050", "ram": "32GB", "storage": "1TB SSD", "price": 85000.0, "description": "Intel Core i7, RTX3050, 32GB, 1TB SSD \u2014 High-end gaming PC."}, "629": {"sku": "AV10PI7632G1SRTX30508GB_27GM -E", "cpu": "Intel Core i7", "gpu": "RTX3050", "ram": "32GB", "storage": "1TB SSD", "price": 85000.0, "description": "Intel Core i7, RTX3050, 32GB, 1TB SSD \u2014 High-end gaming PC."}, "630": {"sku": "AV10PI7632G1SRTX306012GB_27GM -E", "cpu": "Intel Core i7", "gpu": "RTX3060", "ram": "32GB", "storage": "1TB SSD", "price": 120000.0, "description": "Intel Core i7, RTX3060, 32GB, 1TB SSD \u2014 High-end gaming PC."}, "631": {"sku": "AV10PI7632G1SRX580_27GM -E", "cpu": "Intel Core i7", "gpu": "RX580", "ram": "32GB", "storage": "1TB SSD", "price": 75000.0, "description": "Intel Core i7, RX580, 32GB, 1TB SSD \u2014 Low Spec PC."}, "632": {"sku": "AV10PI7632G2SGTX1660S_27GM -E", "cpu": "Intel Core i7", "gpu": "GTX1660S", "ram": "32GB", "storage": "2TB SSD", "price": 80000.0, "description": "Intel Core i7, GTX1660S, 32GB, 2TB SSD \u2014 Moderate low profile gaming PC."}, "633": {"sku": "AV10PI7632G2SRTX30506GB_27GM -E", "cpu": "Intel Core i7", "gpu": "RTX3050", "ram": "32GB", "storage": "2TB SSD", "price": 85000.0, "description": "Intel Core i7, RTX3050, 32GB, 2TB SSD \u2014 High-end gaming PC."}, "634": {"sku": "AV10PI7632G2SRTX30508GB_27GM -E", "cpu": "Intel Core i7", "gpu": "RTX3050", "ram": "32GB", "storage": "2TB SSD", "price": 85000.0, "description": "Intel Core i7, RTX3050, 32GB, 2TB SSD \u2014 High-end gaming PC."}, "635": {"sku": "AV10PI7632G2SRTX306012GB_27GM -E", "cpu": "Intel Core i7", "gpu": "RTX3060", "ram": "32GB", "storage": "2TB SSD", "price": 120000.0, "description": "Intel Core i7, RTX3060, 32GB, 2TB SSD \u2014 High-end gaming PC."}, "636": {"sku": "AV10PI7632G2SRX580_27GM -E", "cpu": "Intel Core i7", "gpu": "RX580", "ram": "32GB", "storage": "2TB SSD", "price": 75000.0, "description": "Intel Core i7, RX580, 32GB, 2TB SSD \u2014 Low Spec PC."}, "637": {"sku": "AV10PI7670032G1SGTX1050Ti", "cpu": "Intel Core i7", "gpu": "GTX1050Ti", "ram": "32GB", "storage": "1TB SSD", "price": 60000.0, "description": "Intel Core i7, GTX1050Ti, 32GB, 1TB SSD \u2014 Moderate low profile gaming PC."}, "638": {"sku": "AV10PI7670032G1SGTX1050Ti-24NM", "cpu": "Intel Core i7", "gpu": "GTX1050Ti", "ram": "32GB", "storage": "1TB SSD", "price": 60000.0, "description": "Intel Core i7, GTX1050Ti, 32GB, 1TB SSD \u2014 Moderate low profile gaming PC."}, "639": {"sku": "AV10PI7670032G1SGTX1050Ti-27NM", "cpu": "Intel Core i7", "gpu": "GTX1050Ti", "ram": "32GB", "storage": "1TB SSD", "price": 60000.0, "description": "Intel Core i7, GTX1050Ti, 32GB, 1TB SSD \u2014 Moderate low profile gaming PC."}, "640": {"sku": "AV10PI7670032G1SGTX1650", "cpu": "Intel Core i7", "gpu": "GTX1650", "ram": "32GB", "storage": "1TB SSD", "price": 70000.0, "description": "Intel Core i7, GTX1650, 32GB, 1TB SSD \u2014 Moderate low profile gaming PC."}, "641": {"sku": "AV10PI7670032G1SGTX1650-24NM", "cpu": "Intel Core i7", "gpu": "GTX1650", "ram": "32GB", "storage": "1TB SSD", "price": 70000.0, "description": "Intel Core i7, GTX1650, 32GB, 1TB SSD \u2014 Moderate low profile gaming PC."}, "642": {"sku": "AV10PI7670032G1SGTX1650-27NM", "cpu": "Intel Core i7", "gpu": "GTX1650", "ram": "32GB", "storage": "1TB SSD", "price": 70000.0, "description": "Intel Core i7, GTX1650, 32GB, 1TB SSD \u2014 Moderate low profile gaming PC."}, "643": {"sku": "AV10PI7670032G1SRTX30506GB", "cpu": "Intel Core i7", "gpu": "RTX3050", "ram": "32GB", "storage": "1TB SSD", "price": 85000.0, "description": "Intel Core i7, RTX3050, 32GB, 1TB SSD \u2014 High-end gaming PC."}, "644": {"sku": "AV10PI7670032G1SRTX30508GB", "cpu": "Intel Core i7", "gpu": "RTX3050", "ram": "32GB", "storage": "1TB SSD", "price": 85000.0, "description": "Intel Core i7, RTX3050, 32GB, 1TB SSD \u2014 High-end gaming PC."}, "645": {"sku": "AV10PI7670032G1SRTX3060_27GM", "cpu": "Intel Core i7", "gpu": "RTX3060", "ram": "32GB", "storage": "1TB SSD", "price": 120000.0, "description": "Intel Core i7, RTX3060, 32GB, 1TB SSD \u2014 High-end gaming PC."}, "646": {"sku": "AV10PI7670032G1SRTX306012G", "cpu": "Intel Core i7", "gpu": "RTX3060", "ram": "32GB", "storage": "1TB SSD", "price": 120000.0, "description": "Intel Core i7, RTX3060, 32GB, 1TB SSD \u2014 High-end gaming PC."}, "647": {"sku": "AV10PI7670032G1SRTX306012G_24''", "cpu": "Intel Core i7", "gpu": "RTX3060", "ram": "32GB", "storage": "1TB SSD", "price": 120000.0, "description": "Intel Core i7, RTX3060, 32GB, 1TB SSD \u2014 High-end gaming PC."}, "648": {"sku": "AV10PI7670032G1SRX550", "cpu": "Intel Core i7", "gpu": "RX550", "ram": "32GB", "storage": "1TB SSD", "price": 55000.0, "description": "Intel Core i7, RX550, 32GB, 1TB SSD \u2014 Low Spec PC."}, "649": {"sku": "AV10PI7670032G1SRX550_24''", "cpu": "Intel Core i7", "gpu": "RX550", "ram": "32GB", "storage": "1TB SSD", "price": 55000.0, "description": "Intel Core i7, RX550, 32GB, 1TB SSD \u2014 Low Spec PC."}, "650": {"sku": "AV10PI7670032G1SRX550-24NM", "cpu": "Intel Core i7", "gpu": "RX550", "ram": "32GB", "storage": "1TB SSD", "price": 55000.0, "description": "Intel Core i7, RX550, 32GB, 1TB SSD \u2014 Low Spec PC."}, "651": {"sku": "AV10PI7670032G1SRX550-27NM", "cpu": "Intel Core i7", "gpu": "RX550", "ram": "32GB", "storage": "1TB SSD", "price": 55000.0, "description": "Intel Core i7, RX550, 32GB, 1TB SSD \u2014 Low Spec PC."}, "652": {"sku": "AV10PI7670032G2SRTX30506GB", "cpu": "Intel Core i7", "gpu": "RTX3050", "ram": "32GB", "storage": "2TB SSD", "price": 85000.0, "description": "Intel Core i7, RTX3050, 32GB, 2TB SSD \u2014 High-end gaming PC."}, "653": {"sku": "AV10PI7670032G2SRTX30508GB", "cpu": "Intel Core i7", "gpu": "RTX3050", "ram": "32GB", "storage": "2TB SSD", "price": 85000.0, "description": "Intel Core i7, RTX3050, 32GB, 2TB SSD \u2014 High-end gaming PC."}, "654": {"sku": "AV10PI7670032G2SRTX3060_27GM", "cpu": "Intel Core i7", "gpu": "RTX3060", "ram": "32GB", "storage": "2TB SSD", "price": 120000.0, "description": "Intel Core i7, RTX3060, 32GB, 2TB SSD \u2014 High-end gaming PC."}, "655": {"sku": "AV10PI7670032G2SRTX306012G", "cpu": "Intel Core i7", "gpu": "RTX3060", "ram": "32GB", "storage": "2TB SSD", "price": 120000.0, "description": "Intel Core i7, RTX3060, 32GB, 2TB SSD \u2014 High-end gaming PC."}, "656": {"sku": "AV10PI7670032G2SRTX306012G_24''", "cpu": "Intel Core i7", "gpu": "RTX3060", "ram": "32GB", "storage": "2TB SSD", "price": 120000.0, "description": "Intel Core i7, RTX3060, 32GB, 2TB SSD \u2014 High-end gaming PC."}, "657": {"sku": "AV10PI7670032G512SGTX1050Ti", "cpu": "Intel Core i7", "gpu": "GTX1050Ti", "ram": "32GB", "storage": "2TB SSD", "price": 60000.0, "description": "Intel Core i7, GTX1050Ti, 32GB, 2TB SSD \u2014 Moderate low profile gaming PC."}, "658": {"sku": "AV10PI7670032G512SGTX1050Ti-24NM", "cpu": "Intel Core i7", "gpu": "GTX1050Ti", "ram": "32GB", "storage": "2TB SSD", "price": 60000.0, "description": "Intel Core i7, GTX1050Ti, 32GB, 2TB SSD \u2014 Moderate low profile gaming PC."}, "659": {"sku": "AV10PI7670032G512SGTX1050Ti-27NM", "cpu": "Intel Core i7", "gpu": "GTX1050Ti", "ram": "32GB", "storage": "2TB SSD", "price": 60000.0, "description": "Intel Core i7, GTX1050Ti, 32GB, 2TB SSD \u2014 Moderate low profile gaming PC."}, "660": {"sku": "AV10PI7670032G512SGTX1630", "cpu": "Intel Core i7", "gpu": "GTX1630", "ram": "32GB", "storage": "2TB SSD", "price": 65000.0, "description": "Intel Core i7, GTX1630, 32GB, 2TB SSD \u2014 Moderate low profile gaming PC."}, "661": {"sku": "AV10PI7670032G512SGTX1650", "cpu": "Intel Core i7", "gpu": "GTX1650", "ram": "32GB", "storage": "2TB SSD", "price": 70000.0, "description": "Intel Core i7, GTX1650, 32GB, 2TB SSD \u2014 Moderate low profile gaming PC."}, "662": {"sku": "AV10PI7670032G512SGTX1650_24''", "cpu": "Intel Core i7", "gpu": "GTX1650", "ram": "32GB", "storage": "2TB SSD", "price": 70000.0, "description": "Intel Core i7, GTX1650, 32GB, 2TB SSD \u2014 Moderate low profile gaming PC."}, "663": {"sku": "AV10PI7670032G512SGTX1650-24NM", "cpu": "Intel Core i7", "gpu": "GTX1650", "ram": "32GB", "storage": "2TB SSD", "price": 70000.0, "description": "Intel Core i7, GTX1650, 32GB, 2TB SSD \u2014 Moderate low profile gaming PC."}, "664": {"sku": "AV10PI7670032G512SGTX1650-27NM", "cpu": "Intel Core i7", "gpu": "GTX1650", "ram": "32GB", "storage": "2TB SSD", "price": 70000.0, "description": "Intel Core i7, GTX1650, 32GB, 2TB SSD \u2014 Moderate low profile gaming PC."}, "665": {"sku": "AV10PI7670032G512SRTX30506GB", "cpu": "Intel Core i7", "gpu": "RTX3050", "ram": "32GB", "storage": "2TB SSD", "price": 85000.0, "description": "Intel Core i7, RTX3050, 32GB, 2TB SSD \u2014 High-end gaming PC."}, "666": {"sku": "AV10PI7670032G512SRTX30508GB", "cpu": "Intel Core i7", "gpu": "RTX3050", "ram": "32GB", "storage": "2TB SSD", "price": 85000.0, "description": "Intel Core i7, RTX3050, 32GB, 2TB SSD \u2014 High-end gaming PC."}, "667": {"sku": "AV10PI7670032G512SRTX3060_27GM", "cpu": "Intel Core i7", "gpu": "RTX3060", "ram": "32GB", "storage": "2TB SSD", "price": 120000.0, "description": "Intel Core i7, RTX3060, 32GB, 2TB SSD \u2014 High-end gaming PC."}, "668": {"sku": "AV10PI7670032G512SRX550", "cpu": "Intel Core i7", "gpu": "RX550", "ram": "32GB", "storage": "2TB SSD", "price": 55000.0, "description": "Intel Core i7, RX550, 32GB, 2TB SSD \u2014 Low Spec PC."}, "669": {"sku": "AV10PI7670032G512SRX550_24''", "cpu": "Intel Core i7", "gpu": "RX550", "ram": "32GB", "storage": "2TB SSD", "price": 55000.0, "description": "Intel Core i7, RX550, 32GB, 2TB SSD \u2014 Low Spec PC."}, "670": {"sku": "AV10PI7670032G512SRX550-24NM", "cpu": "Intel Core i7", "gpu": "RX550", "ram": "32GB", "storage": "2TB SSD", "price": 55000.0, "description": "Intel Core i7, RX550, 32GB, 2TB SSD \u2014 Low Spec PC."}, "671": {"sku": "AV10PI7670032G512SRX550-27NM", "cpu": "Intel Core i7", "gpu": "RX550", "ram": "32GB", "storage": "2TB SSD", "price": 55000.0, "description": "Intel Core i7, RX550, 32GB, 2TB SSD \u2014 Low Spec PC."}, "672": {"sku": "AV10PI7832G1SRTX40608GB_27GM -E", "cpu": "Intel Core i7", "gpu": "RTX4060", "ram": "32GB", "storage": "1TB SSD", "price": 180000.0, "description": "Intel Core i7, RTX4060, 32GB, 1TB SSD \u2014 Super gaming PC for high profile games."}, "673": {"sku": "AV10PI7832G2SRTX40608GB_27GM -E", "cpu": "Intel Core i7", "gpu": "RTX4060", "ram": "32GB", "storage": "2TB SSD", "price": 180000.0, "description": "Intel Core i7, RTX4060, 32GB, 2TB SSD \u2014 Super gaming PC for high profile games."}, "674": {"sku": "AV11PAMDR716G1SRTX3050", "cpu": "AMD Ryzen 7", "gpu": "RTX3050", "ram": "16GB", "storage": "1TB SSD", "price": 85000.0, "description": "AMD Ryzen 7, RTX3050, 16GB, 1TB SSD \u2014 High-end gaming PC."}, "675": {"sku": "AV11PAMDR716G1SRTX3050_27GM", "cpu": "AMD Ryzen 7", "gpu": "RTX3050", "ram": "16GB", "storage": "1TB SSD", "price": 85000.0, "description": "AMD Ryzen 7, RTX3050, 16GB, 1TB SSD \u2014 High-end gaming PC."}, "676": {"sku": "AV11PAMDR716G512SRTX3050", "cpu": "AMD Ryzen 7", "gpu": "RTX3050", "ram": "16GB", "storage": "2TB SSD", "price": 85000.0, "description": "AMD Ryzen 7, RTX3050, 16GB, 2TB SSD \u2014 High-end gaming PC."}, "677": {"sku": "AV11PAMDR716G512SRTX3050_27GM", "cpu": "AMD Ryzen 7", "gpu": "RTX3050", "ram": "16GB", "storage": "2TB SSD", "price": 85000.0, "description": "AMD Ryzen 7, RTX3050, 16GB, 2TB SSD \u2014 High-end gaming PC."}, "678": {"sku": "AV11PAMDR732G1SRTX3050", "cpu": "AMD Ryzen 7", "gpu": "RTX3050", "ram": "32GB", "storage": "1TB SSD", "price": 85000.0, "description": "AMD Ryzen 7, RTX3050, 32GB, 1TB SSD \u2014 High-end gaming PC."}, "679": {"sku": "AV11PAMDR732G1SRTX3050_GM", "cpu": "AMD Ryzen 7", "gpu": "RTX3050", "ram": "32GB", "storage": "1TB SSD", "price": 85000.0, "description": "AMD Ryzen 7, RTX3050, 32GB, 1TB SSD \u2014 High-end gaming PC."}, "680": {"sku": "AV11PAMDR732G512SRTX3050", "cpu": "AMD Ryzen 7", "gpu": "RTX3050", "ram": "32GB", "storage": "2TB SSD", "price": 85000.0, "description": "AMD Ryzen 7, RTX3050, 32GB, 2TB SSD \u2014 High-end gaming PC."}, "681": {"sku": "AV11PAMDR732G512SRTX3050_GM", "cpu": "AMD Ryzen 7", "gpu": "RTX3050", "ram": "32GB", "storage": "2TB SSD", "price": 85000.0, "description": "AMD Ryzen 7, RTX3050, 32GB, 2TB SSD \u2014 High-end gaming PC."}, "682": {"sku": "AV11PI5850032G1SGTX1050Ti", "cpu": "Intel Core i5", "gpu": "GTX1050Ti", "ram": "32GB", "storage": "1TB SSD", "price": 60000.0, "description": "Intel Core i5, GTX1050Ti, 32GB, 1TB SSD \u2014 Moderate low profile gaming PC."}, "683": {"sku": "AV11PI5850032G1SGTX1630", "cpu": "Intel Core i5", "gpu": "GTX1630", "ram": "32GB", "storage": "1TB SSD", "price": 65000.0, "description": "Intel Core i5, GTX1630, 32GB, 1TB SSD \u2014 Moderate low profile gaming PC."}, "684": {"sku": "AV11PI5850032G1SGTX1650", "cpu": "Intel Core i5", "gpu": "GTX1650", "ram": "32GB", "storage": "1TB SSD", "price": 70000.0, "description": "Intel Core i5, GTX1650, 32GB, 1TB SSD \u2014 Moderate low profile gaming PC."}, "685": {"sku": "AV11PI5850032G1SRX550", "cpu": "Intel Core i5", "gpu": "RX550", "ram": "32GB", "storage": "1TB SSD", "price": 55000.0, "description": "Intel Core i5, RX550, 32GB, 1TB SSD \u2014 Low Spec PC."}, "686": {"sku": "AV11PI5850032G2SGTX1050Ti", "cpu": "Intel Core i5", "gpu": "GTX1050Ti", "ram": "32GB", "storage": "2TB SSD", "price": 60000.0, "description": "Intel Core i5, GTX1050Ti, 32GB, 2TB SSD \u2014 Moderate low profile gaming PC."}, "687": {"sku": "AV11PI5850032G2SGTX1630", "cpu": "Intel Core i5", "gpu": "GTX1630", "ram": "32GB", "storage": "2TB SSD", "price": 65000.0, "description": "Intel Core i5, GTX1630, 32GB, 2TB SSD \u2014 Moderate low profile gaming PC."}, "688": {"sku": "AV11PI5850032G2SGTX1650", "cpu": "Intel Core i5", "gpu": "GTX1650", "ram": "32GB", "storage": "2TB SSD", "price": 70000.0, "description": "Intel Core i5, GTX1650, 32GB, 2TB SSD \u2014 Moderate low profile gaming PC."}, "689": {"sku": "AV11PI5850032G2SRX550", "cpu": "Intel Core i5", "gpu": "RX550", "ram": "32GB", "storage": "2TB SSD", "price": 55000.0, "description": "Intel Core i5, RX550, 32GB, 2TB SSD \u2014 Low Spec PC."}, "690": {"sku": "AV11PI5850032G512SGTX1050Ti", "cpu": "Intel Core i5", "gpu": "GTX1050Ti", "ram": "32GB", "storage": "2TB SSD", "price": 60000.0, "description": "Intel Core i5, GTX1050Ti, 32GB, 2TB SSD \u2014 Moderate low profile gaming PC."}, "691": {"sku": "AV11PI5850032G512SGTX1630", "cpu": "Intel Core i5", "gpu": "GTX1630", "ram": "32GB", "storage": "2TB SSD", "price": 65000.0, "description": "Intel Core i5, GTX1630, 32GB, 2TB SSD \u2014 Moderate low profile gaming PC."}, "692": {"sku": "AV11PI5850032G512SGTX1650", "cpu": "Intel Core i5", "gpu": "GTX1650", "ram": "32GB", "storage": "2TB SSD", "price": 70000.0, "description": "Intel Core i5, GTX1650, 32GB, 2TB SSD \u2014 Moderate low profile gaming PC."}, "693": {"sku": "AV11PI5850032G512SRX550", "cpu": "Intel Core i5", "gpu": "RX550", "ram": "32GB", "storage": "2TB SSD", "price": 55000.0, "description": "Intel Core i5, RX550, 32GB, 2TB SSD \u2014 Low Spec PC."}, "694": {"sku": "AV11PI7870032G1NVMeRTX50608G", "cpu": "Intel Core i7", "gpu": "RTX5060", "ram": "32GB", "storage": "512GB SSD", "price": 200000.0, "description": "Intel Core i7, RTX5060, 32GB, 512GB SSD \u2014 Super gaming PC for high profile games."}, "695": {"sku": "AV11PI7870032G1SGTX1050Ti", "cpu": "Intel Core i7", "gpu": "GTX1050Ti", "ram": "32GB", "storage": "1TB SSD", "price": 60000.0, "description": "Intel Core i7, GTX1050Ti, 32GB, 1TB SSD \u2014 Moderate low profile gaming PC."}, "696": {"sku": "AV11PI7870032G1SGTX1630", "cpu": "Intel Core i7", "gpu": "GTX1630", "ram": "32GB", "storage": "1TB SSD", "price": 65000.0, "description": "Intel Core i7, GTX1630, 32GB, 1TB SSD \u2014 Moderate low profile gaming PC."}, "697": {"sku": "AV11PI7870032G1SGTX1650", "cpu": "Intel Core i7", "gpu": "GTX1650", "ram": "32GB", "storage": "1TB SSD", "price": 70000.0, "description": "Intel Core i7, GTX1650, 32GB, 1TB SSD \u2014 Moderate low profile gaming PC."}, "698": {"sku": "AV11PI7870032G1SGTX1660", "cpu": "Intel Core i7", "gpu": "Unknown GPU", "ram": "32GB", "storage": "1TB SSD", "price": 70000.0, "description": "Intel Core i7, Unknown GPU, 32GB, 1TB SSD \u2014 Standard gaming PC."}, "699": {"sku": "AV11PI7870032G1SRTX30506GB", "cpu": "Intel Core i7", "gpu": "RTX3050", "ram": "32GB", "storage": "1TB SSD", "price": 85000.0, "description": "Intel Core i7, RTX3050, 32GB, 1TB SSD \u2014 High-end gaming PC."}, "700": {"sku": "AV11PI7870032G1SRTX30508GB", "cpu": "Intel Core i7", "gpu": "RTX3050", "ram": "32GB", "storage": "1TB SSD", "price": 85000.0, "description": "Intel Core i7, RTX3050, 32GB, 1TB SSD \u2014 High-end gaming PC."}, "701": {"sku": "AV11PI7870032G1SRTX3060 - E", "cpu": "Intel Core i7", "gpu": "RTX3060", "ram": "32GB", "storage": "1TB SSD", "price": 120000.0, "description": "Intel Core i7, RTX3060, 32GB, 1TB SSD \u2014 High-end gaming PC."}, "702": {"sku": "AV11PI7870032G1SRTX306012GB", "cpu": "Intel Core i7", "gpu": "RTX3060", "ram": "32GB", "storage": "1TB SSD", "price": 120000.0, "description": "Intel Core i7, RTX3060, 32GB, 1TB SSD \u2014 High-end gaming PC."}, "703": {"sku": "AV11PI7870032G1SRTX3070", "cpu": "Intel Core i7", "gpu": "RTX3070", "ram": "32GB", "storage": "1TB SSD", "price": 140000.0, "description": "Intel Core i7, RTX3070, 32GB, 1TB SSD \u2014 High-end gaming PC."}, "704": {"sku": "AV11PI7870032G1SRTX3070_27M", "cpu": "Intel Core i7", "gpu": "RTX3070", "ram": "32GB", "storage": "1TB SSD", "price": 140000.0, "description": "Intel Core i7, RTX3070, 32GB, 1TB SSD \u2014 High-end gaming PC."}, "705": {"sku": "AV11PI7870032G1SRTX3080", "cpu": "Intel Core i7", "gpu": "RTX3080", "ram": "32GB", "storage": "1TB SSD", "price": 160000.0, "description": "Intel Core i7, RTX3080, 32GB, 1TB SSD \u2014 Super gaming PC for high profile games."}, "706": {"sku": "AV11PI7870032G1SRTX3080_27M", "cpu": "Intel Core i7", "gpu": "RTX3080", "ram": "32GB", "storage": "1TB SSD", "price": 160000.0, "description": "Intel Core i7, RTX3080, 32GB, 1TB SSD \u2014 Super gaming PC for high profile games."}, "707": {"sku": "AV11PI7870032G1SRTX40608GB", "cpu": "Intel Core i7", "gpu": "RTX4060", "ram": "32GB", "storage": "1TB SSD", "price": 180000.0, "description": "Intel Core i7, RTX4060, 32GB, 1TB SSD \u2014 Super gaming PC for high profile games."}, "708": {"sku": "AV11PI7870032G1SRX550", "cpu": "Intel Core i7", "gpu": "RX550", "ram": "32GB", "storage": "1TB SSD", "price": 55000.0, "description": "Intel Core i7, RX550, 32GB, 1TB SSD \u2014 Low Spec PC."}, "709": {"sku": "AV11PI7870032G1SRX580", "cpu": "Intel Core i7", "gpu": "RX580", "ram": "32GB", "storage": "1TB SSD", "price": 75000.0, "description": "Intel Core i7, RX580, 32GB, 1TB SSD \u2014 Low Spec PC."}, "710": {"sku": "AV11PI7870032G2SGTX1050Ti", "cpu": "Intel Core i7", "gpu": "GTX1050Ti", "ram": "32GB", "storage": "2TB SSD", "price": 60000.0, "description": "Intel Core i7, GTX1050Ti, 32GB, 2TB SSD \u2014 Moderate low profile gaming PC."}, "711": {"sku": "AV11PI7870032G2SGTX1630", "cpu": "Intel Core i7", "gpu": "GTX1630", "ram": "32GB", "storage": "2TB SSD", "price": 65000.0, "description": "Intel Core i7, GTX1630, 32GB, 2TB SSD \u2014 Moderate low profile gaming PC."}, "712": {"sku": "AV11PI7870032G2SGTX1650", "cpu": "Intel Core i7", "gpu": "GTX1650", "ram": "32GB", "storage": "2TB SSD", "price": 70000.0, "description": "Intel Core i7, GTX1650, 32GB, 2TB SSD \u2014 Moderate low profile gaming PC."}, "713": {"sku": "AV11PI7870032G2SGTX1660", "cpu": "Intel Core i7", "gpu": "Unknown GPU", "ram": "32GB", "storage": "2TB SSD", "price": 70000.0, "description": "Intel Core i7, Unknown GPU, 32GB, 2TB SSD \u2014 Standard gaming PC."}, "714": {"sku": "AV11PI7870032G2SRTX30506GB", "cpu": "Intel Core i7", "gpu": "RTX3050", "ram": "32GB", "storage": "2TB SSD", "price": 85000.0, "description": "Intel Core i7, RTX3050, 32GB, 2TB SSD \u2014 High-end gaming PC."}, "715": {"sku": "AV11PI7870032G2SRTX30508GB", "cpu": "Intel Core i7", "gpu": "RTX3050", "ram": "32GB", "storage": "2TB SSD", "price": 85000.0, "description": "Intel Core i7, RTX3050, 32GB, 2TB SSD \u2014 High-end gaming PC."}, "716": {"sku": "AV11PI7870032G2SRTX3060", "cpu": "Intel Core i7", "gpu": "RTX3060", "ram": "32GB", "storage": "2TB SSD", "price": 120000.0, "description": "Intel Core i7, RTX3060, 32GB, 2TB SSD \u2014 High-end gaming PC."}, "717": {"sku": "AV11PI7870032G2SRTX306012GB", "cpu": "Intel Core i7", "gpu": "RTX3060", "ram": "32GB", "storage": "2TB SSD", "price": 120000.0, "description": "Intel Core i7, RTX3060, 32GB, 2TB SSD \u2014 High-end gaming PC."}, "718": {"sku": "AV11PI7870032G2SRTX3070", "cpu": "Intel Core i7", "gpu": "RTX3070", "ram": "32GB", "storage": "2TB SSD", "price": 140000.0, "description": "Intel Core i7, RTX3070, 32GB, 2TB SSD \u2014 High-end gaming PC."}, "719": {"sku": "AV11PI7870032G2SRTX3070_27M", "cpu": "Intel Core i7", "gpu": "RTX3070", "ram": "32GB", "storage": "2TB SSD", "price": 140000.0, "description": "Intel Core i7, RTX3070, 32GB, 2TB SSD \u2014 High-end gaming PC."}, "720": {"sku": "AV11PI7870032G2SRTX3080", "cpu": "Intel Core i7", "gpu": "RTX3080", "ram": "32GB", "storage": "2TB SSD", "price": 160000.0, "description": "Intel Core i7, RTX3080, 32GB, 2TB SSD \u2014 Super gaming PC for high profile games."}, "721": {"sku": "AV11PI7870032G2SRTX3080_27M", "cpu": "Intel Core i7", "gpu": "RTX3080", "ram": "32GB", "storage": "2TB SSD", "price": 160000.0, "description": "Intel Core i7, RTX3080, 32GB, 2TB SSD \u2014 Super gaming PC for high profile games."}, "722": {"sku": "AV11PI7870032G2SRTX40608GB", "cpu": "Intel Core i7", "gpu": "RTX4060", "ram": "32GB", "storage": "2TB SSD", "price": 180000.0, "description": "Intel Core i7, RTX4060, 32GB, 2TB SSD \u2014 Super gaming PC for high profile games."}, "723": {"sku": "AV11PI7870032G2SRX550", "cpu": "Intel Core i7", "gpu": "RX550", "ram": "32GB", "storage": "2TB SSD", "price": 55000.0, "description": "Intel Core i7, RX550, 32GB, 2TB SSD \u2014 Low Spec PC."}, "724": {"sku": "AV11PI7870032G2SRX580", "cpu": "Intel Core i7", "gpu": "RX580", "ram": "32GB", "storage": "2TB SSD", "price": 75000.0, "description": "Intel Core i7, RX580, 32GB, 2TB SSD \u2014 Low Spec PC."}, "725": {"sku": "AV11PI7870032G512SGTX1050Ti", "cpu": "Intel Core i7", "gpu": "GTX1050Ti", "ram": "32GB", "storage": "2TB SSD", "price": 60000.0, "description": "Intel Core i7, GTX1050Ti, 32GB, 2TB SSD \u2014 Moderate low profile gaming PC."}, "726": {"sku": "AV11PI7870032G512SGTX1630", "cpu": "Intel Core i7", "gpu": "GTX1630", "ram": "32GB", "storage": "2TB SSD", "price": 65000.0, "description": "Intel Core i7, GTX1630, 32GB, 2TB SSD \u2014 Moderate low profile gaming PC."}, "727": {"sku": "AV11PI7870032G512SGTX1650", "cpu": "Intel Core i7", "gpu": "GTX1650", "ram": "32GB", "storage": "2TB SSD", "price": 70000.0, "description": "Intel Core i7, GTX1650, 32GB, 2TB SSD \u2014 Moderate low profile gaming PC."}, "728": {"sku": "AV11PI7870032G512SRX550", "cpu": "Intel Core i7", "gpu": "RX550", "ram": "32GB", "storage": "2TB SSD", "price": 55000.0, "description": "Intel Core i7, RX550, 32GB, 2TB SSD \u2014 Low Spec PC."}, "729": {"sku": "AVI310100F16G1SGTX1050TI", "cpu": "Intel Core i3", "gpu": "Unknown GPU", "ram": "16GB", "storage": "1TB SSD", "price": 70000.0, "description": "Intel Core i3, Unknown GPU, 16GB, 1TB SSD \u2014 Standard gaming PC."}, "730": {"sku": "AVI310100F16G1SGTX1650", "cpu": "Intel Core i3", "gpu": "GTX1650", "ram": "16GB", "storage": "1TB SSD", "price": 70000.0, "description": "Intel Core i3, GTX1650, 16GB, 1TB SSD \u2014 Moderate low profile gaming PC."}, "731": {"sku": "AVI3810032G1SRTX3060", "cpu": "Intel Core i3", "gpu": "RTX3060", "ram": "32GB", "storage": "1TB SSD", "price": 120000.0, "description": "Intel Core i3, RTX3060, 32GB, 1TB SSD \u2014 High-end gaming PC."}, "732": {"sku": "AVI3810032G1SRTX3060_24", "cpu": "Intel Core i3", "gpu": "RTX3060", "ram": "32GB", "storage": "1TB SSD", "price": 120000.0, "description": "Intel Core i3, RTX3060, 32GB, 1TB SSD \u2014 High-end gaming PC."}, "733": {"sku": "AVI3810032G1SRTX4060", "cpu": "Intel Core i3", "gpu": "RTX4060", "ram": "32GB", "storage": "1TB SSD", "price": 180000.0, "description": "Intel Core i3, RTX4060, 32GB, 1TB SSD \u2014 Super gaming PC for high profile games."}, "734": {"sku": "AVI3810032G1SRTX4060_24", "cpu": "Intel Core i3", "gpu": "RTX4060", "ram": "32GB", "storage": "1TB SSD", "price": 180000.0, "description": "Intel Core i3, RTX4060, 32GB, 1TB SSD \u2014 Super gaming PC for high profile games."}}